artist_uri,artist_name
1cbBzQxiKcZCsit68iTbTJ,Lantlos
4hkHAVlTVsZxt1CwaKlNVk,iGerman
3OsRAKCvk37zwYcnzRf5XF,Moby
0fagNxnyvy6FDvkNPt6X29,Monsalve
7E7fJJpdVgr1F3pfAfRtHe,Cult Of Luna
7CGrRQY8pl3vY1wqoF4WMZ,Roger Zarzour
0Vb15td3iKkAzdGD5Sj9Ky,NateWantsToBattle
2dB3VxAmEw5Dqewiha1oO1,The Greatest Bits
2QwCbOdVcxKTWMTjsCCyQ1,CYBRPNK
7y97mc3bZRFXzT2szRM4L4,Frederic Chopin
0oSGxfWSnnOXhD2fKuz2Gy,David Bowie
2HOMW1liAxI3URnEq95SMS,MISSIO
2S5hlvw4CMtMGswFtfdK15,Royal Blood
2pqd3HsfsvcBGtHvPOg6eg,Highly Suspect
320EPCSEezHt1rtbfwH6Ck,The Monkees
4pejUc4iciQfgdX6OKulQn,Queens of the Stone Age
4Kxlr1PRlDKEB0ekOCyHgX,BIGBANG
3UwlejyX2b458azZ7eCnHb,HyunA
0XATRDCYuuGhk0oE7C0o5G,MAMAMOO
06HL4z0CvFAxyc27GXpf02,Taylor Swift
1yxSLGMDHlW21z4YXirZDS,Black Eyed Peas
4dpARuHxo51G3z768sgnrY,Adele
1e16kiJQtCTveTl7TQnkFN,Scary Pockets
3z6Gk257P9jNcZbBXJNX5i,Regina Spektor
2oX42qP5ineK3hrhBECLmj,Andy Grammer
5SHQUMAmEK5KmuSb0aDvsn,Hole
5XKFrudbV4IiuE5WuTPRmT,Stephen Sanchez
3WrFJ7ztbogyGnTHbHJFl2,The Beatles
12Chz98pHFMPJEknJQMWvI,Muse
1vCWHaC5f2uS3yhpwWbIA6,Avicii
4salDzkGmfycRqNUbyBphh,Avicii
5rSXSAkZ67PYJSvpUpkOr7,Backstreet Boys
0epOFNiUfyON9EYx7Tpr6V,The Strokes
7EQ0qTo7fWT7DPxmxtSYEc,Bastille
7jy3rLJdDQY21OgRLCZ9sD,Foo Fighters
3JsMj0DEzyWc0VDlHuy9Bx,Supertramp
6sFIWsNpZYqfjUpaCgueju,Carly Rae Jepsen
0k17h0D3J5VfsdmQ1iZtE9,Pink Floyd
3G3Gdm0ZRAOxLrbyjfhii5,my bloody valentine
7AC976RDJzL2asmZuz7qil,Yes
6zFYqv1mOsgBRQbae3JJ9e,Billy Joel
5D8TBtxnP5GZm9wUBQ8OTc,Istasha
4EVpmkEwrLYEg6jIsiPMIb,Fleet Foxes
0a5RCK5J5b6GVzHVcEO05o,Modern Biology
36QJpDe2go2KgaRleHCDTp,Led Zeppelin
6U1dV7aL68N7Gb0Naq34V5,REI AMI
6beUvFUlKliUYJdLOXNj9C,King Princess
7ohlPA8dRBtCf92zaZCaaB,Crowded House
08GQAI4eElDnROBrJRGE0X,Fleetwood Mac
70cRZdQywnSFp9pnc2WTCE,Simon and Garfunkel
4YZ5ECfbM2xSTSQTJGBbO5,Gerard Way
7MoIc5s9KXolCBH1fy9kkw,Japanese Breakfast
4TMHGUX5WI7OOm53PqSDAT,Grateful Dead
3Y3xIwWyq5wnNHPp5gPjOW,Kenny Loggins
3dkbV4qihUeMsqN4vBGg93,Al Green
3sFhA6G1N0gG1pszb6kk1m,Wings
0si9BxvM2C33fAIkr1pgUc,Charlie Hunter
7gRGh8w4G9zaFJSaIYp8HH,River Whyless
3mJ9GlkLzj8Ka7Z7EQaCMi,Watsky
3PhoLpVuITZKcymswpck5b,Elton John
74ASZWbe4lXaubB36ztrGX,Bob Dylan
1gRNBaI4yn6wCCTvRhGWh8,Don McLean
58lV9VcRSjABbAbfWS6skp,Bon Jovi
3eqjTLE0HfPfh78zjh6TqT,Bruce Springsteen
0du5cEVh5yTK9QJze8zA0C,Bruno Mars
6VuMaDnrHyPL1p4EHjYLi7,Charlie Puth
67ea9eGLXYMsO2eYQRui3w,The Who
4QTVePrFu1xuGM9K0kNXkk,Dexys Midnight Runners
4gzpq5DPGxSnKTe4SA8HAU,Coldplay
4NuiDXtUaaclXGNEPQYBBx,Young Mister
7jefIIksOi1EazgRTfW2Pk,Electric Light Orchestra
3IYUhFvPQItj6xySrBmZkd,Creedence Clearwater Revival
6hN9F0iuULZYWXppob22Aj,Simple Minds
6kz53iCdBSqhQCZ21CoLcc,Culture Club
6olE6TJLqED3rqDCT0FyPh,Nirvana
0ECwFtbIWEVNwjlrfc6xoL,Eagles
6eUKZXaKkcviH0Ku9w2n3V,Ed Sheeran
2UZMlIwnkgAEDBsw1Rejkn,Tom Petty
5NGO30tJxFlKixkPSgXcFE,The Police
5rwUYLyUq8gBsVaOUcUxpE,Lawrence
44NX2ffIYHr6D4n7RaZF7A,Van Morrison
4NZvixzsSefsNiIqXn0NDe,Maggie Rogers
3RGLhK1IP9jnYFH4BRFJBS,The Clash
4aXXDj9aZnlshx7mzj3W1N,Lin-Manuel Miranda
0PFtn5NtBbbUNbU9EAmIWF,TOTO
43ZHCT0cAZBISjO8DG9PnE,Elvis Presley
1A92IAcd7A6npCA33oGM5i,The Proclaimers
6sLwRSXSUF5JTUnQaFenyj,Christopher Jackson
0LcJLqbBmaGUft1e9Mm8HV,ABBA
0rvjqX7ttXeg3mTy8Xscbt,Journey
3cR4rhS2hBWqI7rJEBacvN,Leslie Odom Jr.
4UXqAaa6dQYAk18Lv7PEgX,Fall Out Boy
1l8Fu6IkuTP0U5QetQJ5Xt,Fifth Harmony
5nCi3BB41mBaMH9gfr6Su0,fun.
5SbkVQYYzlw1kte75QIabH,Gnarls Barkley
6IFXsrXBpwbIqtOUOiAa3p,Rick Springfield
7oPftvlwr6VrsViSDV7fJY,Green Day
53XhwfbYqKCa1cC15pYq2q,Imagine Dragons
0NKDgy9j66h3DLnN8qu1bB,Eurythmics
6fC2AcsQtd9h4BWELbbire,Peach Pit
5os0Ltvz8Q8BvXOPOd1frx,Inner Circle
7EK1bQADBoqbYXnT4Cqv9w,John Denver
7KMqksf0UMdyA0UCf4R3ux,James Blunt
40oYPr305MsT2lsiXr9fX9,The Boomtown Rats
6DCIj8jNaNpBz8e5oKFPtp,The Cars
4phGZZrJZRo4ElhRtViYdl,Jason Mraz
7zsszvWNKWDrFOLt2tLC5u,The Deep Dixie Boys
5ByjU6oarxRC2Y85JpKx1n,Dan Mangan
0nAVvgfE9yI4DwvMiYwk8a,Johnny Nash
6DbJi8AcN5ANdtvJcwBSw8,Ringo Starr
4GITZM5LCR2KcdlgEOrNLD,The Foundations
62gHwaZEtHenaB124IuOW8,The Whigs
6jJ0s89eD6GaHleKKya26X,Katy Perry
32vWCbZh0xZ4o9gkz4PsEU,Dolly Parton
6LqNN22kT3074XbTVUrhzX,Kesha
2qV7axHq9Jk7QqFcB3f05A,The Zutons
43mhFhQ4JAknA7Ik1bOZuV,Pat Benatar
1GMobkghokCpLtzNx5VnK7,Konstantin Berg
79hrYiudVcFyyxyJW0ipTy,The Paper Kites
1HY2Jd0NmPuamShAr6KMms,Lady Gaga
2iE18Oxc8YSumAU232n4rW,The Jackson 5
4wQ3PyMz3WwJGI5uEqHUVR,Allman Brothers Band
7CCn4PFRRRZF127jtCBAUe,The Lovin' Spoonful
3oDbviiivRWhXwIE8hxkVV,The Beach Boys
3qm84nBOXUEQ2vnTfUTTFC,Guns N' Roses
2jzc5TC5TVFLXQlBNiIUzE,a-ha
42HfTkaLEHhvmQYk6P8zgY,Creeper Lagoon
0FI0kxP0BWurTz8cB8BBug,Mark Knopfler
4V8Sr092TqfHkfAA5fXXqG,Luis Fonsi
6P7H3ai06vU1sGvdpBwDmE,Steely Dan
1r4hJ1h58CWwUQe3MxPuau,Maluma
2VIoWte1HPDbZ2WqHd2La7,The Turtles
4wLXwxDeWQ8mtUIRPxGiD6,Marc Anthony
04gDigrS5kc9YWfZHwBETP,Maroon 5
3koiLjNrgRTNbOwViDipeA,Marvin Gaye
33QmoCkSqADuQEtMCysYLh,The Archies
3fMbdgg4jU18AjLCKBhRSm,Michael Jackson
7mEIug7XUlQHikrFxjTWes,Neil Diamond
7guDJrEfX3qb6FEbdPA5qi,Stevie Wonder
3HQyFCFFfJO3KKBlUfZsyW,Randy Newman
2QsynagSdAqZj3U9HgDzjD,Bob Marley and The Wailers
15n12zBn1TQZirqU5823vD,Mike J. Wallace
1ThoqLcyIYvZn7iWbj8fsj,Bill Withers
5zzrJD2jXrE9dZ1AklRFcL,KT Tunstall
22bE4uQ6baNwSHPVcDxLCe,The Rolling Stones
1Hsdzj7Dlq2I7tHP7501T4,Niall Horan
5Pqx4mXYDGIDcg8E5FYjZ8,Carl Douglas
6Ff53KvcvAj5U7Z1vojB5o,*NSYNC
16oZKvXb6WkQlVAjwo2Wbg,The Lumineers
6yrBBtqX2gKCHCrZOYBDrB,Peter
2DaxqgrOhkeH0fpeiQq2f4,Oasis
4AK6F7OLvEQ5QYCBNiQWHq,One Direction
3FUY2gzHeIiaesXtOAdB7A,Train
5Pwc4xIPtQLFEnJriah9YJ,OneRepublic
0C0XlULifJtAgn6ZNCW2eu,The Killers
1K5TlQzuCSgE7bXHXrgGpp,Rocksolid
7mQilAy42MqNPqUFqK4Z0o,Umphrey's McGee
2sil8z5kiy4r76CRTXxBCA,The Goo Goo Dolls
1GxkXlMwML1oSg5eLPiAz3,Michael Buble
6p5JxpTc7USNnBnLzctyd4,Phillip Phillips
0hEurMDQu99nJRq8pTxO14,John Mayer
0gadJ2b9A4SKsB1RFkBb66,Passenger
1g1yxsNVPhMUl9GrMjEb2o,Plain White T's
0TnOYISbd1XYRBk9myaseg,Pitbull
35GL8Cu2GKTcHzKGi75xl5,Jennifer Hudson
0MlOPi3zIDMVrfA9R04Fe3,American Authors
1VcbchGlIfo3Gylxc3F076,Cold Chisel
3GBPw9NK25X1Wt2OUvOwY3,Jack Johnson
5nLYd9ST4Cnwy6NHaCxbj8,CeeLo Green
3Ayl7mCk0nScecqOzvNp6s,Jimmy Eat World
4STHEaNw4mPZ2tzheohgXB,Paul McCartney
4lxfqrEsLX6N1N4OCSkILp,Phil Collins
2ysnwxxNtSgbb9t1m2Ur4j,George Ezra
0dEvJpkqhrcn64d3oI8v79,Barenaked Ladies
7giUHu5pv6YTZgSkxxCcgh,Edward Sharpe and The Magnetic Zeros
6DIS6PRrLS3wbnZsf7vYic,WALK THE MOON
0vEsuISMWAKNctLlUAhSZC,Counting Crows
59hLmB5DrdihCYtNeFeW1U,Glen Campbell
15cfE4nzURJUvrUyqsrMuF,Jim Sturgess
6MUxF4ehonXZ8Q6YMFI2xb,Barry Louis Polisar
34XlPCFfB4vT7P1ekWq9Jc,Guster
3iDD7bnsjL9J4fO298r0L0,Chicago
6xeFne1rkxMhKSW3ipvkdV,Toploader
18Zv2g2vUcEGqJf6WnjfXN,Brandon Flowers
6aZyMrc4doVtZyKNilOmwu,Colbie Caillat
0LsTFjEB1IIrh7IlTxs1GY,Phantom Planet
6wXjctGBzxkT0ghwfQ8FC0,The High Kings
0P0do9GwiSgweSF6Ui3mrv,Nathan Lane
25IG9fa7cbdmCIy3OnuH57,The Chicks
2TI7qyDE0QfyOlnbtfDo7L,Dave Matthews Band
1Mxqyy3pSjf8kZZL4QVxS0,Frank Sinatra
4YgACLaoEjPl4kVZ5WmBN9,Jerry Douglas
4OqDaxbU5qV78AIr6HneTn,Matt the Electrician
0afemm9P2Bb2LL99xHY32n,Bernard Fanning
39x8gyJjTHiBQklFgVJSV4,Eric Hutchinson
0aeLcja6hKzb7Uz2ou7ulP,Noah And The Whale
2jI9rHOuUAPJEULovOfgyB,Lazlo Bane
2qc41rNTtdLK0tV3mJn2Pm,Ryan Adams
3ZBvLOZu5A9jtKO5XjHDTl,The Stanford Mendicants
1lpRp3LEjY5JxxmbISmtF1,Yesterdays Gone
142YBUGmLWCJigFLzgguf8,Gang of Youths
5aDR5Rxo0oeyo3iFkeCsAV,Team America DJ's
0eUVbl6fC6fVsT7xnkSzVJ,Katrina
3Y10boYzeuFCJ4Qgp53w6o,Scissor Sisters
1mHuZMOP8FG5ip4yAb1vrB,Michael Franti and Spearhead
7dnB1wSxbYa8CejeVg98hz,Meat Loaf
196lKsA13K3keVXMDFK66q,The Avett Brothers
66QeIFuFJDNCImNHlFzrY1,Starland Vocal Band
1HvcqyRLS9nF8hAbTWOqpr,Dan Hartman
1hU9owUK1dhuRPsmnZL1Cr,Franky Dee
0JvNeHGFrPqynXe5EszItO,Peter Frampton Band
6HvZYsbFfjnjFrWF950C9d,NewJeans
7gXy60xRcwYujBFoYHnR2O,Big Red Machine
1ph6inW1HWQbwPSzoD1y0e,Gabriel Kahane
35U9lQaRWSQISxQAB94Meo,America
6Qm9stX6XO1a4c7BXQDDgc,Fruit Bats
1KCSPY1glIKqW2TotWuXOR,P!nk
4kI8Ie27vjvonwaB2ePh8T,Portugal. The Man
1dfeR4HaWDbWqFHLkxsg1d,Queen
1eTft3tXynrKdo6XD7QHLL,Moon Byul
0BqRGrwqndrtNkojXiqIzL,Whee In
5cYcI546S8Lf97m4mNdYLD,Solar
3uGFTJ7JMllvhgGpumieHF,AILEE
0vcbn6MqAvgM8Gh6wh8d6X,Xydo
264XvBSD6pFn1eDvWSWMI8,KINDA BLUE
7bmYpVgQub656uNTu6qGNQ,Hwa Sa
2FgZrgTMX6Sk0VNcOsEPmm,Punch
3QLIkT4rD2FMusaqmkepbq,Rachel Platten
4MVyzYMgTwdP7Z49wAZHx0,Lynyrd Skynyrd
6kXm2YCtdUOpRYNKeKhfue,Ryan Gosling
2wY79sveU1sp5g7SokKOiI,Sam Smith
3AQRLZ9PuTAozP28Skbq8V,The Script
2Sqr0DXoaYABbjBo9HaMkM,Sara Bareilles
2CvCyf1gEVhI0mX6aFXmVI,Paul Simon
7n2wHs1TKAczGzO7Dd2rGr,Shawn Mendes
5WUlDfRSoLAfcVSX1WnrxN,Sia
1dWEYMPtNmvSVaDNLgB6NV,Saint Motel
2iEvnFsWxR0Syqu2JNopAd,Smash Mouth
2lEOFtf3cCyzomQcMHJGfZ,Ylvis
0swB2gUS9LTTHoBpWpM1nT,The Sounds Of John Lennon
26bcq2nyj5GB7uRr558iQg,Survivor
6MF9fzBmfXghAz953czmBC,Taio Cruz
3YQKmKGau1PzlVlkL1iodx,Twenty One Pilots
5ILrArfIV0tMURcHJN8Q07,Vanessa Carlton
2NhdGz9EDv2FeUw6udu2g1,The Wanted
6XpaIBNiVzIetEPCWDvAFP,Whitney Houston
1Xyo4u8uXC1ZmMpatF05PJ,The Weeknd
2qxJFvFYMEDqd7ui6kSAcq,Zedd
5ZsFI1h6hIdQRw2ti0hz81,ZAYN
3WGpXCj9YhhfX11TToZcXP,Troye Sivan
3rIZMv9rysU7JkLzEaC5Jp,Snow Patrol
6XkzeNLtosGSgD85U8FNMg,Sam Rollins
2TzHIUhVpeeDxyJPpQfnV3,Katrina and The Waves
3dRfiJ2650SZu6GbydcHNb,John Williams
7y3ULlnKKpeZ4JOKMAJQzK,London Voices
1nancjqcroHozKvRXl3X5t,Danny Birt
5pKCCKE2ajJHZ9KAiaK11H,Rihanna
090VebphoycdEyH165iMqc,Shirley Bassey
5dcOK4stT4JDkP6Dqhbz5s,Sheena Easton
4TKTii6gnOnUXQHyuo9JaD,Sheryl Crow
6tbjWDEIzxoDsBA1FuhfPW,Madonna
6qqNVTkY8uBg9cP3Jd7DAH,Billie Eilish
7zMVPOJPs5jgU8NorRxqJe,Michael Learns To Rock
0hCNtLu0JehylgoiP8L4Gh,Nicki Minaj
3sgFRtyBnxXD5ESfmbK4dl,LMFAO
3whuHq0yGx60atvA2RCVRW,Olly Murs
7CajNmpbOovFoOoasH2HaY,Calvin Harris
0jnsk9HBra6NMjO2oANoPY,Flo Rida
5BcAKTbp20cv7tC5VqPFoC,Macklemore and Ryan Lewis
07QEuhtrNmmZ0zEcqE9SF6,Owl City
4m4SfDVbF5wxrwEjDKgi4k,Cher Lloyd
0RpddSzUHfncUWNJXKOsjy,Neon Trees
6X9aYHnQ75YI8o08aoa0iS,Boyzone
7H55rcKCfwqkyDFH9wpKM6,Christina Perri
540vIaP2JwjQb9dm3aArA4,DJ Snake
0EmeFodog0BfCgMzAIvKQp,Shakira
25u4wHJWxCA9vO0CzxAbK7,Lukas Graham
4AapPt7H6bGH4i7chTulpI,Ben Rector
716ZwtZBmwROBXcFmCzfdM,Andrew McMahon in the Wilderness
66CXWjxzNUsdJxJ2JdwvnR,Ariana Grande
26dSoYclwsYLMAKD3tpOr4,Britney Spears
4we5S2VLjgY9KzIzApL1KI,Ryan Tedder
23fqKkggKUBHNkbKtXEls4,Kygo
1h6Cn3P4NGzXbaXidqURXs,Swedish House Mafia
3gd8FJtBJtkRxdfbTu19U2,Mumford and Sons
2FXC3k01G6Gw61bmprjgqS,Hozier
1Cs0zKBU1kc0i8ypK3B9ai,David Guetta
3BmGtnKgCSGYIUhmivXKWX,Kelly Clarkson
6T5tfhQCknKG4UnH90qGnz,DNCE
5y2Xq6xcjJb2jVM54GHK3t,John Legend
31TPClRtHm23RisEBtV3X7,Justin Timberlake
5xKp3UyavIBUsGy3DQdXeF,A Great Big World
6vWDO969PvNqNYHIOW5v0m,Beyonce
0p4nmQO2msCgU4IF37Wi3j,Avril Lavigne
7o95ZoZt5ZYn31e9z1Hc0a,Natasha Bedingfield
0N0d3kjwdY2h7UVuTdJGfp,Cascada
10exVja0key0uqUkk6LJRT,Vance Joy
0SD4eZCN4Kr0wQk56hCdh2,Bonnie Tyler
4IWBUUAFIplrNtaOHcJPRM,James Arthur
4EzkuveR9pLvDVFNx6foYD,James Bay
0zOcE3mg9nS6l3yxt1Y0bK,The Fray
55Aa2cqylxrFIXC767Z865,Lil Wayne
738OS3zrCO782uDiUN9pet,Lee Ann Womack
6T70tWxqyIpdVbsFvPzqM3,La La Land Cast
69GGBxA162lTqCwzJG5jLp,The Chainsmokers
4xRYI6VqpkE3UwrDrAZL8L,Logic
1eTZGzLkukATM7FoGltyFs,Elizabeth Cotten
1vyhD5VmyZ7KMfW5gqLgo5,J Balvin
137W8MRPWKqSmrBGDBFSop,Wiz Khalifa
4bofI6U62c9ZvTOrORFVwc,Carbon Leaf
0gDg7FEsF4Y1jWddJJgcn4,The Rembrandts
7o9Nl7K1Al6NNAHX6jn6iG,Travie McCoy
19ra5tSw0tWufvUp8GotLo,George Michael
5l8VQNuIg0turYE1VtM9zV,Leonard Cohen
246dkjvS1zLTtiykXe5h60,Post Malone
7gOdHgIoIKoe4i9Tta6qdD,Jonas Brothers
68Uwx1d3EbjDJhYsLjqvIq,Emma Stone
2snm3HmsnDUDxbIChdl2Oj,Justin Hurwitz
7jVv8c5Fj3E9VhNjxT4snq,Lil Nas X
3Z02hBLubJxuFJfhacLSDc,Bryan Adams
2FjkZT851ez950cyPjeYid,Bobby McFerrin
4mxWe1mtYIYfP040G38yvS,Alan Jackson
54R6Y0I7jGUCveDTtI21nb,Boney M.
0EdvGhlC1FkGItLOWQzG4J,Sublime
7pbDxGE6nQSZVfiFdq9lOL,Rex Orange County
4QQgXkCYTt3BlENzhyNETg,Earth
7KkqUt65v6LMtR369OQ6FB,Jonathan Groff
6zB02lwP6L6ZH32nggQiJT,They Might Be Giants
7pGyQZx9thVa8GxMBeXscB,K'NAAN
7HV2RI2qNug4EcQqLbCAKS,Keala Settle
3DiDSECUqqY1AuBP8qtaIa,Alicia Keys
0RY2EG9XPPwZOliIkTOiog,John Barry Orchestra
06kr5yNAM2rOf4DXemM8fl,Matt Monro
63KnR8pniNe7l75qr1GK7Q,Don Black
3IZrrNonYELubLPJmqOci2,Nancy Sinatra
7ctAOUlIAs7yuMODWE2Fyz,John Barry
19eLuQmk9aCobbVDHc6eek,Louis Armstrong
4FtSnMlCVxCswABUmdhwpm,Carly Simon
0jYKX08u1XxmHrl5TdM2QZ,Lulu
1vnIL4DMlivP55ioM6KitW,Rita Coolidge
0lZoBs4Pzo7R89JM9lxwoT,Duran Duran
1ppIZmEJfPTBbymhqkhLCN,007 Collective
2aXiJJHJei5BmCykxI37y0,Gladys Knight
1zuJe6b1roixEKMOtyrEak,Tina Turner
6S0GHTqz5sxK5f9HtLXn9q,Garbage
0XHiH53dHrvbwfjYM7en7I,Chris Cornell
4FZ3j1oH43e7cukCALsCwf,Jack White
0TImkz4nPqjegtVSMZnMRq,TLC
1Y8cdNmUJH7yBTd9yOvr5i,Destiny's Child
4iHNK0tOyZPYnBU7nGAgpQ,Mariah Carey
1l7ZsJRRS8wlW3WfJfPfNS,Christina Aguilera
41qil2VaGbD194gaEcmmyx,Will Smith
2DlGxzQSjYe5N6G9nkYghR,Jennifer Lopez
46lnlnlU0dXTDpoAUmH6Qx,Lou Bega
7slfeZO9LsJbWgpkIoXBUJ,Ricky Martin
711MCceyCBcFnzjGY4Q7Un,AC/DC
5mgr0FFpvy267wKVAYg8qp,Lit
6GI52t8N5F02MxU0g5U69P,Santana
4ylR3zwA0zaapAu94fktwa,Macy Gray
2mpeljBig2IXLXRAFO9AAs,Dido
7r8RF1tN2A4CiGEplkp1oP,Ginuwine
1w5Kfo2jwwIPruYS2UWh56,Pearl Jam
2d0hyoQ5ynDBnkvAbJKORj,Rage Against The Machine
0kJMPTXq7h3ztpDukSx5iD,Pras
09hVIj6vWgoCDtT03h8ZCa,A Tribe Called Quest
4S9EykWXhStSc15wEx8QFK,Celine Dion
2WKdxPFRD7IqZvlIAvhMgY,Fugees
3NRFinRTEqUCfaTTZmk8ek,Savage Garden
0dlOr0VIysztGWvU1dpjmP,Natalie Imbruglia
4iSKnRZAxkmqNok6tv10Se,Crazy Town
3g2kUQ6tHLLbmkV7T4GPtL,Fiona Apple
1XgFuvRd7r5g0h844A5ZUQ,Take That
0nyc9SZGLITSOJASmTZsnZ,LEN
2PSiyldxmJze7xiqbz658m,Spin Doctors
2zrZfs23sjuHDv4E6YRmNf,Kris Kross
4P0dddbxPil35MNN9G2MEX,Cypress Hill
7HLvzuM9p11k9lUQfSM4Rq,Warrant
6J7biCazzYhU3gM9j1wfid,Jamiroquai
4Eqd24yS5YcxI8b6Xfuwr8,Eve 6
2Mu5NfyYm8n5iTomuKAEHl,Ms. Lauryn Hill
64tNsm6TnZe2zpcMVMOoHL,Alice In Chains
3RNrq3jvMZxD9ZyoOZbQOD,Korn
20qISvAhX20dpIbOOzGK3q,Nas
3X458ddYA2YcVWuVIGGOYe,Toni Braxton
5MspMQqdVbdwP6ax3GXqum,Annie Lennox
3KEb1kbIZN5jumsjFEWgSW,Tal Bachman
02da1vDJ2hWqfK7aJL6SJm,Soul Asylum
0EyuKHE1AeE9lWUF8mzKVp,Fuel
0K7VN4aHxHcEb7PqkfoIVA,Shawn Colvin
5Z1CCuBsyhEHngq3U5IraY,Westlife
6A43Djmhbe9100UwnI7epV,CAKE
4JbmXqez7WvTggoxn3UpVT,Ghost Town DJs
7aBzpmFXB4WWpPl2F7RjBe,Wyclef Jean
4NgNsOXSwIzXlUIJcpnNUp,Sarah McLachlan
0urTpYCsixqZwgNTkPJOJ4,Aaliyah
6ogn9necmbUdCppmNnGOdi,Alanis Morissette
5spEJXLwD1sKUdC2bnOHPg,Bone Thugs-N-Harmony
3YcBF2ttyueytpXtEzn1Za,Incubus
23zg3TcAtWQy7J6upgbUnj,Usher
0XKOBt59crntr7HQXXO8Yz,Brooks and Dunn
4MCBfE4596Uoi2O4DtmEMz,Juice WRLD
1McMsnEElThX1knmY4oliG,Olivia Rodrigo
4oUHIQIBe0LHzYfvXNW4QM,Morgan Wallen
4ytkhMSAnrDP8XzRNlw9FS,Vince Guaraldi Trio
3TVXtAsR1Inumwj472S9r4,Drake
6AgTAQt8XS6jRWi4sX7w49,Polo G
7v4imS0moSyGdXyLgVTIV7,Nat King Cole
5cj0lLjcoR7YOSnhnX0Po5,Doja Cat
391oLRVmoTkumiN79HkTWu,Darlene Love
26AHtbjWKiwYzsoGoUZq53,Pentatonix
4sj6D0zlMOl25nprDJBiU9,Andy Williams
7wlFDEWiM5OoIAt8RSli8b,YoungBoy Never Broke Again
6ZjFtWeHP9XN7FeKSUe80S,Bing Crosby
4TnGh5PKbSjpYqpIdlW5nz,MONSTA X
1sBkRIssrMs1AbVkOJbc7a,Rick Ross
57LYzLEk2LcFghVwuWbcuS,Summer Walker
0MHgLfmQdutffmvWe5XBTN,Burl Ives
31W5EY0aAly4Qieq6OFu6I,A Boogie Wit da Hoodie
4xFUf1FHVy696Q1JQZMTRj,Carrie Underwood
4cPHsZM98sKzmV26wlwD2W,Brenda Lee
6KImCVD70vtIoJWnq6nGn3,Harry Styles
5K4W6rqBFWDnAN6FQUkS6x,Kanye West
2tIP7SsRs7vjIcLrU85W8J,The Kid LAROI
38EmEgXkgK51MT2tPY0EoC,Bobby Helms
45TgXXqMDdF8BkjA83OM7z,Rod Wave
0eDvMgVFoNV3TpwtrVCoTj,Pop Smoke
5ixB75BQR3ADoWQkcHQJTs,Gene Autry
5f7VJjfbwm532GiveGC0ZK,Lil Baby
718COspgdWOnwOFpJHRZHS,Luke Combs
699OTQXzgjhIYAHMy9RyPD,Playboi Carti
2YZyLoL8N0Wb9xBt1NhZWg,Kendrick Lamar
3bcLBxvaI7GsBzGp3WHnwQ,Nickel Creek
3Z1tibPKhUYWCno0IYicCN,John Parr
2utNxkLhreF1oIfO8kQT3q,Manfred Mann's Earth Band
7xTcuBOIAAIGDOSvwYFPzk,Daniel Powter
0fYPQBOx0vsRMmjUba9HgF,Modern English
6mMtnxEQkYoY5FfJIQ9Rhb,Runtown
4AN8jBgYwV1ieMsX1Ntxwc,Bisa Kdei
3mUnqlNBdoohi6s287lxel,E.L
42q0rYXtR561ypg1Fcw1PI,Shatta Wale
5N47dnIfPuGH8kIHpf8gZK,Duncan Mighty
2hKQc001G7ggs3ZyxMdkGq,Patoranking
1PB3wzj7smUyd1WOTAZqOU,Euforbia
62nJsaKqTjBj5aHPE1RyqZ,Charmaine D'Avis
51lfmojViPJ0XrAghn70IC,Giulia De Serio
1m8n33vsOT7I7sBgn1s4sz,Adam Waldau
4nhyKupGKrTJj8f8whWa8L,Mellow Mountain
2VD5PP13OpMEyul7NfnLa2,Danoa
0tMQJ9EVT0vfsG67K867kR,Secret Medicine
6oMeZudDfeCsLbPHmZFt1x,On Dunes
5gV1FzhRvG4WhQXku1tUav,Setareha
4lOnTI7pZfZeLAQ4z2idCd,Amel Scott
2BFpVYblz5isZ4eTnMXUQI,Peaceful Village
2qZD20bVk0hgogpaDPbxmG,Lake Melville
5WSATrMjcuhKibg0jp4uHI,Arush Mandal
6gbF9RxLqZUcMD39LLySqh,Harvey Lanza
54kLR6UglFWK1l2EkHmTmX,Sizmara
7E9YFx8NvGyjVR7WKZfaZo,Elsa Whage
5b9r8wJcTcjRrOECClHYkO,Rizzolo
227rzkBWqh9SVDdgzPrw38,Luna Novina
0v5fZ2O6PA8HBHeiIALNx9,Ezechiel Almonte
6SWtPjGME9m6Slzy5KmEWl,Alva Adler
06r7F3mEYRJxjksrVsurYJ,Sabrina McGregor
6sXYZyjQRKE4ID1x9Y7ZiC,Alcine Sala
2LQloGA6q2wNTNovie8OpO,Lior Freudenthal
2DLiGfmS8hciTINAkqY2XG,Richter Gravitas
6UGfKivLtHEJnrNdPcZHZh,Pearl Melendez
2EvTWBcDR6yBKnXj4aCgQp,Tine Mydland
3GrOqlDYHDtloOS3v1cnvD,Spirit Minds
0RAYCVLRp2O9D8prY8XPFc,Hema
0tdUnUmJpBYAnf128MpI23,Gjenklang
3eZTGNMGlHLHDZ5tSMsM2K,Ella Wass
4exM1DAqbTjDfgaj98AGiO,Marcelo Salvius
518pvehpCn4yp3oJJbr6zA,Huma
3qck56pCDgsvfDR5WK15SB,Hrothgar Tarek
0wYXxRlJDi8Z3wrQXwirlb,Garda Eulyssos
74jJkqez2clBfaCi76V7CW,Cthulhu Ramón
1Q6EETJLIdmRFA2OVj97HS,Julian Nema
5ri9bptYMMNYWNsdGs3g68,V3rkefni 1
3zSgZfjvgK6sEyiEVa2vQa,Unilow
2HhQt5oH01WtYFmwM2yVo7,Ozo Nakuru
69MHZfuz6RQx3JpGl1OXB0,Grant Murdoch
2iKoQTuF9oRjVWo6l3BPRc,Sandra Prime
7nvOsk2E0bUlBJ0R4sakht,Ilumina
6fPF7rV8SX0fysuJVs7mZb,Nuit Pluie
0GipzWTQjjaxqU7mtmNq2o,Pauline Huijbers
2txNKTOHpcXh0tC1wZ2FD4,Casper Bjerke
5zL5lmsaGzjnU7dn85w2bz,Evolving Stream
4wFwJASQD2dtsEMshTmbCG,Simon Sebastienne
3uDLX7j7thpPkEANovcmlT,Tone Jacobs
5fwefxhrUGOhSbrg5GfIF1,Gabriel Verci
5UQaOILr6zsKIuJ7OTLFrU,La Moción
6zmgXBf7eD1SpC4O5NJo0H,Spherical Harmonics
1jOAI3YkQLJswHVGCIKbu4,Phoenomenatic
5fSnjqpoioIgs8WQZfydZt,Alaya Tashka
42Zzzfde9xBQfxrUaLG4cB,Mario Venu
2R9WDTiIok7j4nf9CwFw7b,Duanova
25FanX6VBnV0irqD9A6IwL,Kamila Tait
3Jo70Smt1IRBEAGBeXnczk,Sean Altar
4O675OCBvAxnP1vSxShYAc,La-Mu
53f0b7plDXvgkSmHQV4vBx,Lunar Hush
7bQwDNMLfpbXVUyUxfN7XX,Fluvis
5jZXtbPYjWhoom78Eh14Wd,Sarah Loca
0we3lcrMUMrc57nxVUC7g2,Maurie
4A7ZW9rJIvRiyu3pgxQW1j,Sam Bucciana
56Cs4LcuNdI6rmMF70QrOc,Xiada
6vz9kIJB249V5DbMMH0WZA,Solvekin
2qHe4hsn9sRe5qm4uUVXwF,Jordan Beggs
28GCtr7gDIxtcAeaaWwpIu,Zeb Maessen
6dumU4QYEB8C4dDdTPfRg3,Leonidas Myaló
5jP3W8hxwSZ0VsyQ3jiMbu,Le Palade
4ZSC7QqnOxFeyGaAb2pKnQ,Abysse
5tskj9vtZkM605QJsLW9AH,Natalie Carlton
4TxtbbN9ln1SgIcf9NAjBw,Ellia Dunn
4fbbE6iUtkyYBXQpYuuyqn,Dust Merchant
4LPhXlMmFzBwyQVOCHtQAK,Lights From A Distance
1gfLjawL26XCWfHI8lyi5B,St/llar
0jrRKY6KdJnLLOmF1FPb6p,Elias Dome
7ATzYoA7oClSlgx6kyDleF,Sasja Lekko
3qMOfxCeQP5i24x2yOGnof,August Parks
6GneEve11sWodJ6zHEXXn6,Ron Alan Cohen
6cz6KGJs1Q28j0nknp9sck,Jiao Ch'ien
3z6OaFpSGrLQmmDtvL0Zyr,Pim Miles
57KgCAQY3AIYMaC0g2jOKb,Næturkall
1v4myR6ZDEKYmMlRqT48IS,Aarona
0EzLFlu7rmPC4VybLm6jl1,Darby Evans
0yv3AGgMUbIJR6DROh35j1,The Nowhows
4bQ7FkaUmaSF3mVLSba0F2,Michele Bastien
40EzXxZKfeMHctd8T22mlh,Anna Nueva
4aVZNmLEXiIMrNM5GIzRw8,Rae Mansell
4DYgl2qzOphoG3p9gZNluF,Mindful Measures
20V6s9VAMU5cW2u2r8v6dJ,Amber Glow
41hz9dfBrQt1zteqqTUrYd,Boris Rosenbaum
2egCtVwLwVGRY2kwmA0D8K,Subno
6wpESevLL5E3kESW8V5nky,Exhalious
0bvbu0duux79xFOXVaaozq,Euloria
13f3uLVCX4o7wjqwtVlDwC,Rosa Løvstrøm
213t12SUo7qH5ZsE6Uvz1a,Atli Einarsdóttir
2vmXrZiuBbcPV8K7fBclWC,Clay Edwards
13ZKAALykJ7sZ130Vh7Y2n,Chev Asto
6xTIuLiCQBph46JUwkf2Fp,Keeva Craig
0n4VpRA6e5Cd3snLrusqeA,Olivia Line
395oAJMtpPY7ovJ9GbFkGQ,Jeanelle Bolduc
3YG9AoDdEIOygPtme6s1ZE,Elysha Iman
6i1anbI9lYxG8g0440Up8r,Juni Tinley
6JKJopFXDFKfLkA6rrgQQh,Kinship Networks
5DChGYPOwgULNzFMzw0TIb,Elvar Arngrimsson
1aqj4NItjznvMP8uHTeCLR,Bella Mie
1AhX9oQWyvwH5cYYSQbqUZ,Jeila Sander
0Yh3qH3YP5YPSK9o1emQLC,Solar Wash
2QoOKA3eotuERltYH8cThZ,Elliott Duncan
20hwQJcC00dL9lcpmaoiXF,Brief Moments
6PcwDVyKXjNm4SIFamEg30,Niel Hupkes
5cqGSR5Eyh5XSYtlSStmmF,Manny Chu
639xerhpqwPMYay6bkjz75,Koby Laver
6IpbJpzWfnVDsdJG9fJHWp,Mystisse
0eGpzO3YMOyEZRsrwH3Np8,Advaitas
5A05k3XjnB2j83Vw8Iigx3,Hello Artemisia!
0DZNNKLNypEjKUpkgJS01w,Diya Wiler
752MndEnUavC68pPM6NtxB,Moments of Clarity
2MlHEEvx7sK4aeQyDnbgMm,Matt Deep
6eGKvCZdc06HkiwZKFlcBY,Tejal Yann
6PXpkuuJT837QGtcdXSMo3,Juliana Stipe
0WRfsMbE1OBngUdyCgizs8,Scintillante
27eOiRby6feQRgULqf0V8Q,Che Milk
0JvmpwiLzNlN4bGtXCdNoK,Ecovillage
6ptntg50Xz0ACYkxCIOHz0,Yonatan Awate
1Ww4X8PlwRBiocjYoAoQ4N,Universo
4LuuDmiOLGrAHanlvqX5k8,Sömngrus
5gIsewE9wwowXLnCYMpzO4,Fiona Kolev
1QHavDqaVSc2l4wxcYqpK4,Polar Moon
1iChBE5eMVIiJBpsUZ0rSH,Dardan Leistra
5u54CVdeb9o3uVJjigbrWS,Sonhos de Solidão
7hmFAgrbDEAAIcGan0kxxM,Il Sognatore
7A3PJ0HRctOwwSLMIwFDte,Asher Francis
2VGcECsvRjugsMNJ2bVSsM,Sleepy Clouds
5DUWKbIv5XlkqcmXNqZYme,Xavier Ortando
6KY3gZWJmTe3qIPaVoISYq,Aron Joyce
0H36hdcwfQjbJUCkFLIxYJ,Sperenza
1FQMmopnjYkAuyjQImmDMM,Aidin
5sKrAIJIFlKVRkuFyG03aS,Zak Brady
2kid9kBSigLwz9xKNfWBGG,L’avendine
12iVnS0Nbz0W1GT5VjNEkd,Orchid Rain
4S0x628hBw2YQyh0hCQAf8,Fjellet
32QebOlHD4A8nInyCK0wvf,Calming Eyes
5BH5JQNu5i1vwN5bX4iDGE,LOVIS
2ofMsV0f4ziG96f4ZKPzGr,Laponia
4X7C94aG7ctqFboeUcc1Q1,Benjin Blund
1KcMYDu3nBxDYlcYwrsEAA,Finleigh
5Q5kLyyxBItFbzCvwWkla1,Nahla Cline
68NVLorVbyDWrMwmGpwyGP,Cameron Sinosa
7oJoc76R3JMv7dZhxgi7zD,Dan Maus
45zt0raIfZd0fb6yzSneno,Don Mazuck
093uaz0ncoUvd9mN3jKF3E,Indra Jamal
2JG4r9snKhqze9RGKeGEvh,Nova Issue
0W3cyXPYApFajrsJKSAcHQ,Rebekah Bolton
19f60nUZGFKTsf9mhvQbtl,Unwritten Skies
1IyHF3iElYVD2QGDF0zZKg,Ebba Dekker
7velK5j4c1vTfJLItteMBm,Author S
3I8Am5MnggH1JDfyPydw4Z,Stray Winds
5I6mjLaJjYhtmDJY2nsF5H,Kumatra
2yLkuHA25r5rTMKZI6iLUN,Scarlet Becker
3lZy0xoBMpN0My5d0xKcxb,Inessa Merton
7HFBFAbRfdiaHWUXzU1Vsq,Caius Biel
0MHLh3lEKY42exyifjlDbf,Malie Aolani
0PRooTT7V1vNPXCHBRomZE,Christine Papst
1tHpWX1vFJiLSbSYrNzkhN,Zahra Tate
4FimVNSfsYDIj9JdNq1gXe,Muh Re
6KPIG4JnXUCcKZPGD8aE5R,Lorah Weber
77VKKzoNiFyfVSn32eDiwD,Geneva Semere
2GKwdKtX1WZUQxSnYa41wm,Joanna Neriah
3ETsEsGHY5HlPjh1lxVtG8,Emmeline Ralph
0RMsyms4T0LXxotilnDJap,Butterfly Wings
2Hp3fVH7ZTcfwgzq4f4Zam,Milan Moux
7f2S72fSfAb1fpowkNB4WK,Judi Khan
4ZWPxlJt6aJXZ6ZqtSKsDe,Emmitt Howard
0QQlMFDABAtm2cdSGJdB4p,Esa Plant
5abR6pakumxnpAm0OXTMJX,Minnie Delarosa
46G2FNi6a9iLA5XyKQ00kZ,Jasmine Viola
3lifXuRT69XpJuFvuml4iu,Global Hum
5dE53rEeytVtDqFaOViuZ7,Esther Dutch
2App8sL5EXUqCRCqYYiZIr,Zzeta
7uLS5Q5tx0Chuaihp53VEE,Alma Grøtte
4zuaDhav8BE3DEkjJelFYX,Fabijan Spaći
1TZG0boEXBMRfxjj1nH6TM,Sayulita
3IH62hlsEFxT7wDV7Sr3sj,Auxelia
1dwB5V858hnmHhR9tCIor2,Tide Machine
1cnFAHOmH9W9QqZYhNSoMs,De Seu
663VphTY3ZpSam1nra3WG6,Stellarscopees
7ftRhte6NNzoF9MIKfKJsP,Chama Wijnen
1V3rUG8q0KGU4wPVS0LIq1,Artura Ponce Valles
0vPGOBFcfVsCzqsYTxubi6,Minik Knudsen
78cI0FrhBVpr9Dq0fN5BZw,Artemio Li Fonti
6kqOxJqJ4r4cIlbYR4GbP4,oh
62k2sifCiGij6HZx3Z7dTp,Selma Ström
4lFZjO0NQUgvQLC8G6J8uC,Himlavalv
5jQIczzAJzOzwnNLFOwoI6,Corimbo
5JBXyHBJYZCIHMQXee1sMm,Joaquin Mans
3TMpH9YDPUAnGeC5oEtq21,Twilight Time
759EMezWm078OWxpbGzRNM,Lux Tigon
6340hzyqmfpcSbPZLFC1Gf,Threedust
1bZl8bahX1H0yyMCMpCbos,Sarah Barber
7nHBvqVu3gxM1AFY5gHQs0,Alma Meris
3lYG90sfnbaiSjyDw9VBgK,Kamryn Freeman
5t4Zi1CHP9SPoQ5bcHvJRN,Leah Maur
30uYGdJCm0u2mNZzICXAf9,Acirassi
7jCHPpIZYNW9xezoE6m6Ez,Alexander Sterling
3MR09XZH0Q5cRnennqCE2z,Joseph Martins
1tTvqzD47dcgaRbQTNjgF2,Osteriana
4MLLLG0z38an4nXddu8R3O,Ferdinando Zetticci
3CAe04TEaKSxEMemLZqw3X,Eyla Calmes
3PeAcdPlMSYVJyaUprwEWS,Miu Hayashi
5MYqSmIAMjoiBp8suHqGaA,Szigeti Aliz
2VDTrLjZH9fCcf0lhHY3jb,Art Decorum
6NwzoAF59ghN7JuBvwHVex,Elise Magnefold
32fb0CzojuxZhDwienUYu5,Leonid Antonov
3IgG6CQo3mfhUsT1AgNWum,Fannie Shelton
353EbCGpBHIyVTPMgttcSy,Samira Tesfay
6bBst9TjOI1WYBRjx9LZb1,Jerzy Stól
74md3IYnYrHUTG6GBfem9N,Niigata
0sQArsC8yyQYhH6mk7Myt0,Majestic Sleep
2PUPgKWq4JNwSVQE41PXrT,Light and Sound
4k5hcVGerX1LVQ79iXD52S,Vilhelm Brandt
0aCbxLi0ypSIj30oAT4T3o,Johann Eder
22v0hyVYFwW9gLflr83IF8,Mind Explorer
5W0bcXKJ4xnO3q0ViObq0N,Matilda Charpie
0niimfX9PMavXj1AWDcAjs,Vera Martin
0v2xcXKJMnxbrBP3d83evx,Ann Windsor
3Tye8bBNb5g7QNBcpoFQRo,Ymlacio
5X78BhxOkF4gr6Q0WD1CoY,Degravitated
5GneKGEamDH29m9tE0zzwo,Lost Wings
117FwIxp2OWDSWYr9X4j7o,Leah Day
6F3AbMb1nVGlPROQ0nQBqU,Delle Alpi
00FQb4jTyendYWaN8pK0wa,Lana Del Rey
70kkdajctXSbqSMJbQO424,Kacey Musgraves
3P4vW5tzQvmuoNaFQqzy9q,chloe moriondo
3gdIwZY6Q3RXhDteYr4ZvC,Sophie B. Hawkins
163tK9Wjr9P9DmM0AVK7lm,Lorde
6xdRb2GypJ7DqnWAI2mHGn,MUNA
2h93pZq0e7k5yf4dywlkpM,Frank Ocean
1r1uxoy19fzMxunt3ONAkG,Phoebe Bridgers
7AWyYXZ5tIc0xNSfKLD3QX,girlhouse
3jOstUTkEu2JkjvRdBA5Gu,Weezer
430byzy0c5bPn5opiu0SRd,Edward Elgar
6n7nd5iceYpXVwcx8VPpxF,Antonín Dvořák
56oDRnqbIiwx4mymNEv7dS,Lizzo
2wUjUUtkb5lvLKcGKsKqsR,Alessia Cara
64H8UqGLbJFHwKtGxiV8OP,THE ANXIETY
4mLJ3XfOM5FPjSAWdQ2Jk7,Dr. Dog
2eam0iDomRHGBypaDQLwWI,Bleachers
13ab1LgQZ3tQOhkDRRYB8Y,Mick Gordon
3l0CmX0FuQjFxr8SK7Vqag,Clairo
2orBKFyc84jo9AZH5jarhI,Sidney Gish
3yY2gUcIsjMr8hjo51PoJ8,The Smiths
3fGhNTTL2CbmVAkGWpcJAA,Layup
0lF1vCOKBjs21HtxkGmWIm,Clay and Friends
7gRH7pJQJaAvrwvi8STYEl,Matt Duncan
5DD5GZd4ElmQTy9NleMvKJ,Tessa Violet
1gUi2utSbJLNPddYENJAp4,Abhi The Nomad
2mvFGnu3tPO49WSrFZ4zVR,Lukrembo
4uFZsG1vXrPcvnZ4iSQyrx,C418
3Ww8GMbCDMAGwJJ2hd7z7z,Lena Raine
3hozsZ9hqNq7CoBGYNlFTz,OK Go
3MUnAJMKx97SfTZYNB2iXY,The Electric Swing Circus
3h100hRlLZ7QDz8GRt5QsD,Lullatone
0YC192cP3KPCRWx8zr8MfZ,Hans Zimmer
7bcbShaqKdcyjnmv4Ix8j6,St. Vincent
2aA8615xM2SAgC5HpI5uiY,Dimitri De Alencar
31KAV0Dg1UNmnfSmvLT2XG,NINA
1RpI3AwYuQhWSrgJPEsLDL,Moonrunner83
1qpR5mURxk3d8f6mww6uKT,Shura
6Paz0vXJJ9bCPf0fEm3qzg,Dagny
27qG899eLldfpYtPr3S3NJ,Scandroid
2UuvaSzB0VNumArR71ReMT,Emil Rottmayer
1hKMcEF7YVRkjXMRpl6aqN,Departure
3nqTFzjmi1LLM6pn0TRMv8,Eagle Eyed Tiger
0k5UWvGRH0YcST7a5E9qAT,Only A.L.E.X
1UyellqDWDC99R5rzdTgmF,Orbital Hikers
5Gn7NoCZvbVlGgtZMILRcv,Satin Jackets
1uivqPv0xxpaqrB8Ero5xJ,Euan Ellis
6XpN8mRlhuOXuvEyva4yjZ,VIQ
2exebQUDoIoT0dXA8BcN1P,Home
1MAZFvaZxkLUJ8xZ4CbcjO,Cerulean
1ixu62yr2QwyZ1EFALxgCF,Whilefalse
3uIfha7lvdSsoFeJNJS3vJ,Betamaxx
1xvEo98zythSrgN69GQevk,FM-84
3MU1O9zfAq6tm6qcacKsED,OVRGRWN
4U3vYFeDgmRT6RETWVgTe0,Yota
0elWefATNt1GKkpPX2L5bo,PRIZM
3nbnvRGvveekypJ0FJ3RPb,Ace Marino
5IZbdt2MGHmctVQMtEocxI,morgan willis
0siwLM5U6RGrHmTclF15rb,Ace Buchannon
2U0OKMms9WuTVQztib78cH,All The Damn Vampires
4XCN1tZRdCS5vqAQ7b2LNY,Maxthor
3vc0JWD1Nj1VLrgJ1x3cjE,Essenger
0OTY72l7CC7ynKzp6N2o5b,Daniel Deluxe
4qzIpmopZ2KVodpmw7uJKe,Ashra
1EULJuDFWpZ9xg4YwtUGGt,Daniel Avery
2pTCZ9C1fXdaVlv6d5EIXM,Chrome Sparks
3r5rHoyzqZHGJkU8fGZtNO,Tonebox
5Pb27ujIyYb33zBqVysBkj,RÜFÜS DU SOL
2wouN3QXejYa5tKetYdcVX,Com Truise
2fBURuq7FrlH6z5F92mpOl,Digitalism
0SkwL0prvhD2CWyqj0vlF6,Dynatron
1gEHdJ4DIEL2JuyRnNfMkt,Virtual Mage
3V3T5haMWZGfFxqVsAB9oB,Brendon Moeller
5oOhM2DFWab8XhSdQiITry,Tycho
6NrkINd80slV25wkBu9mEB,Wild Nothing
1Z2KInfSmPOzAIYyiaXeti,Youth Lagoon
4j24CFa4A1jAMKNHrwXV0f,Korallreven
1G5v3lpMz7TeoW0yGpRQHr,George Clanton
5juOkIIy18sFw9L30syt1Z,Washed Out
5NgUA4FZtrzQPgSdbAkoXn,System96
4E653XDFNhfX7sIlJWCiwb,Jasper De Ceuster
4giO85Ma0hNO0wBWLFtJsS,LÜNE
006ibfxHXj6ewIkihKcaS2,Hello Meteor
3YZb2aI52lJJK9ektquNK7,Zane Alexander
2nEHZVjgsEYb0gQTegmQ81,Duett
7fVPo8qWQK1quywHw9kMdI,Arcade High
4N55TE3vFODMR4BX5B9fnM,Waveshaper
461TaZqofVfcQo2wtMwnQJ,LeBrock
3PALZKWkpwjRvBsRmhlVSS,Gunship
7KxS1dL7Q7jxMkyb2ZvzXH,Fury Weekend
7bEG4lOgTtBSDKGZbEecQE,Kattch
6MVlfYDSMkQoLJnKC00ZzA,Signal Void
3ZLe7OttXFn3JOPVZ9Vrr0,PYLOT
318JBsDJrao7DYDwsaE715,Phaserland
1mSJCvDX0W7Dn7S9C6vmvI,Anna of the North
7jhjqT3jN9btW2tSN8t0oH,De Vence
3IunaFjvNKj98JW89JYv9u,The Japanese House
0d5tUTjMd6EFBWNeRMKpb3,Mr. Maen
1FwlK3oTrK60CBk54koZJg,Lucy In Disguise
0Wo8zfu7LaSPQrI8Ov6XQh,Starcop
73S1zHIBGAuJyjdDIEELqw,Atrey
3UQ87SmqkLxIMdenYnsLld,Efence
61xxNR0VR7Nz0sI5FyXy66,Aldo Bergamachine
4qpWUfUAeI34HzvCORn1ze,Forhill
6zrgIu0skCCFS7Ke9xOj1r,Timecop1983
1Wtzdgd5YfWe0WWm9WN3l3,Gasmilla
3tVQdUvClmAT7URs9V3rsp,Wizkid
02erLj5S8dJEjZyFYug3Ck,Guru Nkz
38wGnQ9uC7XyV0TFHaEiO4,VIP
6okA9KLxPv9Za9RGkHSOk5,Nana Boroo
4NkWh677uYqY9rWwqThNEL,Bradez
7I8VnUISFUDhcyfzdFk19E,Keche
4KSIIR6dY7MPuq5WRWfS56,Ruff-N-Smooth
1E0CW7edfYKv66MrCVSnmV,BukBak
2NtQA3PY9chI8l65ejZLTP,SPINALL
37zb1JQnDV9dRLatrASEj1,5five
0LFsP7WPfu5inz9a1amcE4,R2Bees
1c61yiH4iYE7cHtjAYSUu3,Banky W.
5RCdjio4ASMQ8CFaSuAl6C,D'banj
2pGCVrouJpjRXXfph7O2Lf,Eddie Khae
2IiQaWRKteXMGLUcdHLBO9,Patapaa
5BfpzKNakWiXUNm1RfBgUi,Toofan
7ACLUXo71FsLZaKMOPDnEJ,Joey B
520qA5VGL9iI0SbmEnTVNg,Maleek Berry
10Cql6DpInZY5O6TBw2m4l,Samini
3ZUn6LYxdmmPYQqBhFWI3h,Iyanya
0Y3agQaa6g2r0YmHPOO9rh,Davido
01DTVE3KmoPogPZaOvMqO8,Sarkodie
7oMRcCu0OYSCtCyS3P37iC,Afro B
42IUN9kTPdUdI1kre6L7Wk,P-Square
52iM1kP5BpnLypZ0VtrpyY,Kwesi Arthur
4TAoP0f9OuWZUesao43xUW,Mr Eazi
6CDGm9cf1yeCLD147Zs125,DJ Flex
0kLj779fKzLC2dxFJjsVXm,Eazzy
3wcj11K77LjEY1PkEazffa,Burna Boy
1ixqGowpDM21RwyJmJ7hpv,Skales
17GIXjvOEUNx9lEIzF398O,VVIP
38XiDu0kK3Z5jdHUDqBzNT,Lil Kesh
4ovtyvs7j1jSmwhkBGHqSr,Olamide
1sSt1DqqqFLkPwfrqafVyn,Ice Prince
6yd6lB5T20BZjUVkSlwojA,Bracket
4tNisoCnGaG5zDiimBtqPZ,Raquel
3RdldZQW8cYFLEDEH7haJe,Kwamz and Flava
7hESZgm95pwtTfr6ecl5ZH,Eduwodzi
3QCB2l3PswjIcNRWgTCq2L,Praye
2ayt5jDUuTCpoTG7sHSvuq,Stonebwoy
3Bw3Syt7xdB3gQc4IoFaLn,Article Wan
3kF3qKO6Fi9h8weEzynE5e,Castro D’destroyer
5WlKgLlhHHWnMKo0nwfA5w,Praye
0pPz4oYqGp2Co2Sx7ORiYL,Medikal
26HlCKbXpF27gFP3AEsVhk,Dr Cryme
5y43lOR941Xj5lwV2JQwGW,Stay Jay
73hrHJczju6lFhXa1nLk76,Kaakie
3aupsfQC9Iy7j3uSEnTqoN,Appietus
5wJBdwIAg6nZoCaWbFhc1r,Naeto C
15YwTNQbCiTuFOK62K7Wgu,4x4
7gEgjd9W1P1iAD9FbubrqC,Timaya
1YCN7ZcxMajJ44nCjpf7gB,D-Black
4b5hKyZcqBYGfSFhqOMyyZ,Asem
1uNFoZAHBGtllmzznpCI3s,Justin Bieber
3uijaG5RdCUWrPcBwQlIXT,Holy Oysters
0lEUtJddtvvDlxtEmF9j0m,Masterkraft
4tIKaxUmpXzshok2yCnwdf,King Promise
4pW48O5XBTgEEJWfr8btdK,Mr Drew
5yT8WK3cattPDWL3pzu8AI,Sefa
41MWgwfjzWDupE1i0OUghd,Praiz
1xxXRVpuEm3X3p1QEm61Az,Khaligraph Jones
4TsHKU8l8Wq7n7OPVikirn,Jidenna
7BIkk865pwBrSZetA8Izic,Juls
6FlA3WmwidMj4cj4kyFzEe,Scientific
0af5VM6xubf8EXKvoG35x6,Demarco
5gb4BlH3ixp1oGLlzfeppl,Edem
2LiqbH7OhqP0yuaG8VL1wJ,Black Sherif
1fYVmAFB7sC7eDoF3mJXla,Wande Coal
4JM1zsVj1pt38Q8mhv5teI,Young Jonn
0XqLMMiljB30SqHKV9PYsD,Show Dem Camp
0zPILh9oEH0fDagpkHTQQ8,Killstation
0fns6rqCFsrwBUXjxdswMm,Wisa Greid
0VukMQoTyIAqKl0qUEw9Cv,Kurl Songx
1fPa3fXJDNiSCfF9U8uvaT,A-Star
7GfpJld16SWfiFALBo3qB8,Vision DJ
7ujlMMbxQ1lbbBNpYyAU6d,Adina Thembi
0t6ol0asVlzV0xbDxGdGGN,G-Migos
6v01kW0IoqZBoLYu8ZS46Y,Akwaboah
5JZrKd8FCWdpkGwn6iEkXg,Ofori Amponsah
0oKNR4ahj1CPnK2kQmbOfo,Flavour
1hNaHKp2Za5YdOAG0WnRbc,Tiwa Savage
456Q8r3L8p07SsrK57a8Je,Tonee Jukeboxx
1eCaedusgydlcn69blHOvL,Harmonize
3bxZkzk0PLHcetO9o4oxXn,Reekado Banks
55YBIMBzI2Xx5gJ6Sqo1GG,Obrafour
12BjfR9LIzpDecdcMGvu7f,Cuppy
5yrRN6GxtTSHbcw7qxPg4S,Wendy Shay
05wqlCGQReohsxStVBR052,Pappy Kojo
5k42wVl0hFD08LDOVl72Bz,2 Paddies
533nTGirqEiUKwUcVxYWv8,B4bonah
5z207JpMeX1oCYVvMKReku,Rexxie
0GGKrcPOlBkmBzQDf2Ogkl,Kuami Eugene
3ilw3NJXRWd153LIBsme1z,K.O
5jW1p6bav4DYihIHewKBCq,Yung L
3DNCUaKdMZcMVJIS7yTskd,Mayorkun
1X6cBGnXpEpN7CmflLKmLV,Kizz Daniel
3ZDEq9SfiUoAmaF0cYkfYS,CynMiah
1fFrD70weJrj1mnHPWiVx9,Kirani Ayat
6BWLgCuwDlaTKrZvgMmghn,Harika Narayan
765WbdRs651BXTSFu0gYKi,Teephlow
48GPWluQg1bh4q8d32TlQj,Afriyie Wutah
0itCt7khLTvv5WqlMJwYNQ,Navio
2Z9gfto511dBGdIs23dU7C,DenG
273zZHWXvj4VlC6Il00yjz,Donzy
0BzP5LIn392sLAa78SapOZ,Jetey
62s0EsXQNJEwy8fKZ386VU,Larry Gaaga
1dlInrJwE0KSP9hZ0ALsI6,Efya
7KiINhQdLAupkwvJ0EelGG,KCee
40u0fDtiS0ROxtbsIrVGf9,Cabum
2nGoKcLdXktxEXvMdTDsIT,Alikiba
7AP5AMBQvTzTBB7IUSVLzO,Kweku Smoke
0Bpku7CkLZ3Bv9AR03MX9B,MC Galaxy
5orboL2SUTJGDKfMVgCCBt,Kwaw Kese
5HaP6tiU20J23qlcZy9GyT,Kwaisey Pee
0obuUG86gXYcMtRMNKaYKL,M.I. Abaga
62sda22OXnPueH8d35gZKf,Sista Afia
3dDhOZW93iVeE3DPS62FCI,Jayso
0LWXvmwdwsL0uPokRmix6M,Ko-Jo Cue
66biqyq71uND4uIC1gXDeI,Magnom
3D4i4dD4jITTnZAM2SYzWt,Dee Moneey
3fv7gh6JODBTpz7uS0aTnS,Rouge
7lv12RUXorFKjX5hKtNwUw,Quamina Mp
41OZNvPbgdmHijKkTch0To,Hammer of The Last Two
7fKO99ryLDo8VocdtVvwZW,Yemi Alade
3xcx9CcYTM4M1890B8o9Bp,Donae'o
5yeOizI77ma33LNac9KiZr,Daddy Lumba
2GhMAu306y5q68iXy64Puy,KillBeatz
41o2A93SPxIUxsy5HQjvul,Passi
5a3kizlLAxR0P6qZEti8T8,DarkoVibes
6VmgrXYlQLQ13VxiksWSp6,La Même Gang
0QB7K4DGPpAfsDHwaUdHke,Mizter Okyere
4vNCRfPa5uflWbtrBxEZew,Amerado
3h9WSiz4VUhL7WzgJIDmRl,Fortune Dane
1qW5F31a3WnpwrImlu7F6h,Mabruse
0asDqdzoZwXwHwBDK94s0f,Pat Thomas
11nnKqMGAe4LRA9n9HRWyh,Liquidation Rapper
5xcHYU1VrzU3bI0R6ZWzlJ,WondaBoy
3LJawO6XULI4SZT5dVHEYO,KK Fosu
4AeOulukpFoeLxd5Ewhdvr,Evergreen
2638IY1xX2k8sSBA1bceN5,Dencia
2n4DcAtRMvfyRX3ljeC8Kp,2Baba
6Dq7cTNWG0ezi3tNdfVIQE,One Touch
05C89kKDU95jEJjGJsnqnE,Quame Akan
3fecopX953BHZGiL9Rf1tG,Cheebancs
6hhprhD4p991b1uLo5n6t1,Kao Denero
2BjK8ZabmjThEk011WGLAF,Broni
52lFu2pWl3LZrSer7G5K3a,Ak Songstress
6vMTJy1XlG5FzAuuSLLTAX,Becca
1gtDtTEHbCnZYwsz9Xltfc,Criss Waddle
1bCnq7HaURPc4HcIsWKEsg,Lyrical Joe
7zB3I7PBh39rcwg2haB5Ac,Kofi Mole
6TUrMfT9GkjM7gmBtmkkQt,Flowking Stone
7mqWT73vJ2FCs7WtRlRYKu,RedRed
4kybQvaEJGDlOo7ZsSjwPv,Prince Bright
5KaayuYfGzUkFP7PfrwVu9,MzVee
4ISHXrztVcONj4mQCnwCs9,Strongman
6HbeytIa6j2WCdPQzCrXpf,Victoria Kimani
2ICgAt3eHtYeiz6AEGoRzG,Kelly Anthony
0WgwOS7j1CB5tIRa4QM50K,Seyi Shay
3hvJvURxBzOmRYDDEEIr7T,Omar Sterling
6FpASbPxQNnOi2F8Jp0xwn,S. K. Y the Tamale Boy
1K5RQyYV18ce6EGOeaoaDE,Bizzy Salifu
2GWoEYkaBVClEcIpAS7Vyq,Gye Poppin
2tcoLkA9Hexz70Kuc1NTUl,Gradur
27JX5L90Wv4SBk4FJZVQcH,Yvonne Chaka Chaka
3dUYZBl2y8BsN6PSH9x8Kv,JD Era
07Dd4EiXtApnD4tqZPnh78,DJ Peet
1QIghPIrXQQ22G1yNtAKFX,AKA
0cLl02ZhARtTtjt1RQKLNt,Silvastone
5WcryCn63fJFaSu7FA10rt,K01
2sM6YAsknZCoxkq4KO8zFa,Kobby gee
4f2hVqzqXvQdVaC35D8sAc,Khuli Chana
12Y1KjtMKklN8Q1nouLq9k,Patolyn
0boI1Rw92Au25P7FgNCRkv,Michael Poz
4NQybqFNuJt02nyGh9eCEC,Rocky Dawuni
1FEzMUWFcZynVzahFj6Xny,Stanley Enow
0bI8nWgCi4h7Z6hgY4k9Ma,Squadee
0nsKowJL2F7bELE6OFU2pv,Kwaw Kese and Sarkodie
2dIFhJ8RkRS2rXeDefY3t1,Vector
1A1IEvjX2MyuMXDDsSW8sD,Dr SID
374sWpAJsbZckf98df2jJJ,Fuse ODG
7uGigOZR7omfWGagZktyM7,Symple
4ZhIFuuxUkdBSeiVVWxVzi,Kesse
6C0tO70opFWgDLIsMsSXuB,Kissme (feat. Sarkodie and Shatta Wale)
2wgriTkRercaFwcdptYO2Y,DJ Breezy
5I1G1MSxXh3zrZsVZCPzZj,Shaker
05T3a2cQT1vYfUV9DiI4Kd,Jmj
6iqxVPbKVOeWFJ5k15bHVk,J-Rio
4I7Ghul89x4Usjq1llNaOx,C-Real MC
6J3napXjyN6t3aPmj0tORu,El Magnifico
3XH7TFLcTXBq82b3Epue7x,Freeqa
1iDogCIAOzACoco71HageZ,Lamie
2gFpICsVV9vtoB3Nk9Mv42,Hans Bekx
5Q73WzWI1MkAbAwi2ZhG8K,Reggie Rockstone
5orl6gX2WuDiHuPfAg3YJG,KING OF ACCRA
2vpPMBS9jA3AGMqMAGYfdt,Brainstorm
00R92oP6hBqQsfeCdqozCT,Mohamed
7bvzpSoswlsWCICBdWhs99,Jincheng Zhang
2zJpSoMBwJ3UjV2hn2HAPl,Elder Sarkodie
7lZg22G1FG8MthOVguA2I5,K.Kfosu
2z8T0AHqHJ1gYtC1VzZeDd,Jupitar
53ZQc2LGjVFkhzbC6zBggA,Joe Kay
07HWnyi6mF9sWdJVkEj6n6,sutrageno
3pgtJpER1mUyScdvkbgJrr,Dizzy Daystop
5ImgPxdvhuYC6e34QEpq4s,Mardo'ch l'Authentic Beats
5IOrAYHBiGORHV5xJoAtuh,Captain Planet
1hxN7sJdXhPSAFslOhPqtg,McWeezy
78AqM00oIlyWDsteIdJXoX,Wytte
433h5wDAFW4D5A0DimdHNv,El Magnifico
1ywLuckhRwkJSVg5UnGoZe,Godwin Dash
4QVlyGmvC6XGM80477dsnz,Mohammed MoQid
62aZaZy0pmoii33RWxriLA,Ogunskele
5LIwuhsShQWjIcVElHWQec,Jae Baz
6yxXX24fKT9qJcVcnGjNmk,Kofi Breeze
5gahGPjbD9kfFc0dvPHezN,Rich Young
3rdV0nRNw8uabPobUclkwM,Kobby
7KS4oBWMdQSmyvwQqEKjLs,Sayvee
0EJTBRILv9LCd8Cb8Hy6gm,youngsoul
51lz3bUz2fkcS3N2G2OyLU,Ellyman
73vIVPEHNYnSjvxwN5AX6P,Ypee
0pj9TN69typyBU9uFWtR34,2ga
4KjqUigu2hAPW0viPWnCfL,Master Kraft
1YUGibrlf1mkGxkEsCWjPj,El Lomi
2JqGBoZQKiZ7j1IIFP5euT,Tspize
5lOssEsS63CB281S4WiPrp,Seshi
4uFzZsa3YSKfQTUOb1etSw,OB
1jRvwHahhCcLV0Ob5NwNIE,Qwesi Spycon
1TjPh8jgqx3juzp8GNmhVr,DJ Mensah
2qblHRuPkEirp0c0XzqUUb,Okra Tom Dawidi
2eJz5qbV8bFV8wWWcdKPZ5,Ephraim
3UMzzI41QCNX7e0F54TVyE,Herty Borngreat
0rNTIEZKm4LYPn16AcpTaS,Lady Jay
3BdwHNIaCXL0EzaWV5TVA5,Tinkez
3ncebjXyf0NwYMutzK2DNg,Sound Sultan
5Oq2X3BjCbFKPex2GVSDpy,Kelvyn Boy
44ch4VtU3Nsp7CNT6CTmAf,Nautyca
5opxQC0xlx0ZQwHlcy6qcR,Nanky
4XdiQkB8WIPxaSdp0uRWox,Wutah Kobby
1PeU4PsYtNaksLeuMOJM6n,MOG
2mAIqdFdrMLLtTlP3B14tj,Kaywa
3pM2SKHRnSBkhwsQIOfYNJ,Scata Bada
66bzI8A0KFOdwjTtqEBRAb,BGMFK
0VO2sPJm8C90oOPHjrEOtg,Nathan Hammah
4j3M512FDWEK2UgFCntbSD,Quabena Maphia
4OfY8iDPF2tydbpy0klsSh,Pappy Sebo
2fn3v8ACU7Kn0P6xjYZ8py,Geesus
6GeOk96hWr4GEudYkrJ9Ql,Trigmatic
6z8wFqIP0bJzhhdQyRoSHV,Adolf Tagoe
7BCBYt9AXF8kbE4KvmOo7V,Dex Kwasi
0usB8pvsYSiaBFMK6AR3t3,Klu
1oaf76d9O0IMjLVjFvKQtc,Queen Eshun
1erBTcAMRYO1WTjsdv0Dma,Sena
60WLunvx2jvxOs5yFQulFL,Flyboy Geesus
163yd8q9Kc3UjEOLnyqknx,Francis Sampah
5BNOOrCxAaqBy0orMqRxn9,Teeah
1BKDSJBUPcKOPNtUvCotiH,Sariki
2vcejwTvAALWgmSai3hPSj,Quesi Ghana
4fC6uVLTSLLk8fgZCv5w53,2tight
3ceHJPOe3uPruYejDNWXWH,Sena Dagadu
2p9wWqkfVZpvEEaLWxhDRq,Blitz The Ambassador
0Pp04NnUk5p56m1Q4uvGYI,Black Kat GH
3rNUaJWWqbhqKjaBO9dJSs,Klemynel
23QPQom3g2ubSBzOYAJgGC,CONQRA
3aFh0bvTdiH9vkhbRorrdB,Lyrical Famous
63u3xnW61qqLewrKRNbcZo,Emmanuel Abbey
6TzTpwhUfqaT7Gl4hfBgyS,Paswed
0tVuoONTvBV8AdYRrCjGlK,Thiago Boy
1WZffL8HBBLIeSpdvyb9Yh,Tuba Zaks
2ThDGViphMpcbvRAMSuKKK,Dizymandero
56Trs7z5a3FYpP8kwl2hPq,T.R.I.P
5RVptFossgoDDyB7V2PNS3,Naija Pikin
6eYjM3EJ2ux62CjigGQIiU,DJ Xclusive
4ZSd5DSdgdhxOSVcfCKU7v,Kobby Scratch
3L4ZO0ZaSe1qeucpQK8tBR,DJ Neptune
3Fys2rzPCbp6tDzQ7YO3Pq,Eva Alordiah
5m5vLxJjEdfEqw5xcK5KHi,Obibini
6JAmITwWmfcxmfTMRw1Qtq,DJ Aroma
1Mb6q3q5kspPQHYE7SN86w,DJ Menah
64ZodoHwsZ2UzB1bg5Fwgr,JadiLuc
1xNTcmdxZlrVvWbLgn745m,Kevin Beats
6WNAZI4q1eOw11So5D6MHF,RICHTAST1C
47bXiJqtcwfdceMnbuvCpT,MASTER ROSSI
4UsJRLoEvYINZt4wBXvQpr,Scotty Thirdwar
0i4iASBzlhdgbn0Bxo8LLu,Chizzy Willa
57ECY4ULJOtKz1cHOTeJ8B,Somadina
65i2SP7g7DjY6jxn5BABXa,Angel Kwe
5RYV7Iyrhg6onWKRWAXUz0,STILL KANE
1c0YypkI5mmSdaZyEwEGBb,King Passion
1ybWf9fOpsp7Z0HkDTe9bl,RappErSaniA
3hv9jJF3adDNsBSIQDqcjp,Mark Ronson
7hJcb9fa4alzcOq3EaNPoG,Snoop Dogg
5ndkK3dpZLKtBklKjxNQwT,B.o.B
2ZQe7ya4AJTYfLi1zSjKSK,47
0ASfer9rIFu6R81xH17sIq,dcbeat
0YAO9P4v43mlSAgZE5oa55,Bueno
5dnUHIdRyFstsV4IBF7Aud,Jaeson Ma
5zhxxb24WP6q6rbLHAn2UQ,BYU Vocal Point
7kXpvrS3xtr0nGzNFGuuQq,Rhythms Del Mundo
3urke0PQu81IIlstxE8gyH,Omni-Science
1bDWGdIC2hardyt55nlQgG,Weird Al Yankovic
5gg7vLGIsyxXHPQmOUeMsE,Die Brasserie
77IURH5NC56Jn09QHi76is,Bad Meets Evil
1BSXtdFlVDUOS6g1T3tmME,We Are The In Crowd
4FYIy3bsaDrvC0LuW2kqzW,Bad Bunn
5bHjVR4F2Tfq4Ha6x7K6wU,Rockabye Baby!
4kYSro6naA4h99UJvo89HB,Cardi B
13y7CgLHjMVRMDqxdx0Xdo,Gucci Mane
2fHzyk5XmAMsYzJeT7xM8Q,Union Of Sound
3AoiBjr0pSGswX96XxEgH7,Guitar Tribute Players
3YcYQvh90LabrI6cVQBoG4,Acoustic Heartstrings
3mGCLimuzOdod4Lnegny4d,Twinkle Twinkle Little Rock Star
0BukXNhxnvPv0wKh682hIV,Kookei
5yNN92qKENCA4pWmoSZJpG,Divided By Friday
4Xx6QMLTWppMwdABkN0Afj,Piano Tribute Players
738wLrAtLtCtFOLvQBXOXp,Major Lazer
1fAfuhIzpl0ZSaCxJ62J60,Pop Voice Nation
4oRyLnxDdIzd2POQfX9Drd,Piano Dreamers
0YmUxMAKg83hAeu94a59wP,2014 Chart Mogul
2qlvTZS8OkFRZi30S0D9E7,The Chillest
1JOQXgYdQV2yfrhewqx96o,Giuseppe Verdi
0VPM5SV55SZGaLulM8A0K6,Performers of Puedes Llegar
4pU3BpenOZFEBzORx2YBJW,Plácido Domingo
436sYg6CZhNefQJogaXeK0,Camille Saint-Saëns
1ANIrFhgafREgZz36RI0QC,XOXO
76uMgi6K2NCrt3QOZ4vVaW,10kdunkin
0sOfFTIMocxq5mPB8SFLHn,Piano Project
698hF4vcwHwPy8ltmXermq,Far East Movement
4Sm7JCttzWMwHJtb3UJ8SY,Mocedades
648dUUIlz7RSeg3O8CbTat,Midnite String Quartet
0MGQZNEMaEICyku3cSDrnJ,Arturo Sandoval
4etuCZVdP8yiNPn4xf0ie5,Julio Iglesias
0dE9ooTNz8iEKIKItRI66t,Il Volo
1dbUnialE1nC44NXJmm0GT,Vittoriano Benvenuti
2lolQgalUvZDfp5vvVtTYV,Tony Bennett
71VUVLmoTKKYfIugkavMeS,Adolphe Adam
0OzxPXyowUEQ532c9AmHUR,Giacomo Puccini
395Z91yDQ05pkMbRKik18y,Franz Xaver Gruber
1U5zgr455OGyIkLNXvDdrf,Traditional
1QL7yTHrdahRMpvNtn6rI2,George Frideric Handel
2vedxcgUX1uom0dCE4xTTj,Umberto Giordano
2oOdiaI5v2Sm1XkJTq0Cyv,Slowgrind Re-Mixers
2uTX9PRofIHiBkmkscJAFe,Dj Jaja
7pq3aBZGY3sZNPW7LJjQYd,Link for Space
54EDthj3grjyXv1OWTntMI,Marshal Keep
31Eoi17HcQM7ElqMMXIUU3,Charlie Parra del Riego
6gssIbF04dCX3COZvyr0JF,Bruno Furlan
42QKiNCqr36B0gfgETuA9t,Tiny Tracks
364ovD0MRp9ezaNTkRoLeA,Gavin Mikhail
72qxDp6R6v22pai96pZioz,Yanni
7HBA3bLuJTLRvjK8NX9ZSy,Sweet Little Band
4x1nvY2FN8jxqAFA0DA02H,John Lennon
7K78lVZ8XzkjfRSI7570FF,Jose Feliciano
3gMg7jXcjquwaOKFHfa6dL,Salvatore Cardillo
7pYf536wgFIHDtkS1mrKsG,Katherine K. Davis
3tgxh3cqdCA5UvqwuNYWWl,Jester Hairston
1fiVwfyL3nKnmVz7580kET,Friedrich von Flotow
1ahGKezyX9Rl7GuEF2tc15,Jose Carreras
32zXZpxwb2bq7oGzAhe1Ii,Irving Berlin
604SIyQJ7kt1BUikmaNQAN,Luigi Denza
5YhX2onn51M81v4dSZajlX,Leroy Anderson
2D7RkvtKKb6E5UmbjQM1Jd,Georges Bizet
3vR1Wv5l52RTB6MoIItjWV,Jose E. Figueroa Jr.
2aGUnteqLSVKdfyYGzixl9,Jaeson Ma featuring Bruno Mars
2jrH2NbVfDZqIkZ4TUElwo,Rico $haw
0fcuybYLZmW6xRQb4eUiwd,Popstarz
3nVO2uL9ooyVeiCVjOCtAV,Berklee Bruno Mars Ensemble
3gMxLPJN4ETgH10XwG37Wo,The Cat and Owl
1JiUqDfYpPy30kqAnQ9WIr,Brandon Anderson
52tiVHeB0x2XvFAyajG1BZ,Real Madrid
5fYFaGbNGtEW9Ip1oCMHyH,Lee Holdridge
1vRl6mlPsUNtImUQmXwJrK,Hubert Yves Adrien Giraud
4Gd1JXQVbYicIeo2bDNHwL,Ernesto Lecuona
5wTAi7QkpP6kp8a54lmTOq,Johannes Brahms
6lBN3Tzt61u8i9AJoAhKzF,Mykola Dmytrovych Leontovych
10JWdnrHhjhMTgxEVOA8PV,Manuel Moreno Penella
050KZR3xgEWYH0YbqKTBAj,Walter Kent
5mJPpY55svdSmufkSBA0Kp,Alvaro Carrillo
4us59Bx720z6eLFe7FeoEA,Felix Bernard
6FwlLhUXP4OVYFj3u3tfS3,Peter Thurner
3LnyzsvQeyvZuZHmD8lXdE,Beatriz Beigbeder
1zWet2PBkYJKgWQpWSlsEN,Bob Russell
4jKoV6JV8aanR3lRWYLONa,Ernesto de Curtis
0o8kRHNGivCjDbyg3Mthn0,Nacio Herb Brown
2q0Rkp6Ud5XxPTCkCCdbYr,Eduardo di Capua
4M5Ttp109RCi5lxSFFiprS,Cesare Andrea Bixio
3ihXVyWYDuTBVpEDrr1Lop,Agustín Lara
4IbAZwt75dpehMOgcC3GnP,Richard Rodgers
174ThXFgQg2VCq9r3m8ceb,Luiz Bonfá
0RYyGExpy57GLGa1GtFoVo,Nino Rota
1C1x4MVkql8AiABuTw6DgE,Richard Wagner
1aVmFfdSgU2Gul9Tvdr0Ef,Federico Moreno Torroba
72auy9NefUbGecYVrTiPzq,Ruggero Leoncavallo
088fpww3Ae4U9cMZv5O6m8,Amilcare Ponchielli
2QJPxaqn9rzFoVOjqUHGfr,Rodolfo Falvo
0AZWKUDP5MV02GvkswQNJj,Guy d' Hardelot
7yo7Tldmzz2incfSsYWhVk,Arturo Buzzi-Peccia
7MzHPIXAqIOCnvK0sVY72W,Helene Fischer
4aP1lp10BRYZO658B2NwkG,Andrew Lloyd Webber
7HCyr3KjKjpDybqhvJpm3Y,James Pierpont
4LvSAB7yQBpFKeMRt6DTAl,Alberto Testa
3fsCWTIuWIRvEGS7gerSJX,Jennifer Rush
6pAwHPeExeUbMd5w7Iny6D,Richard Strauss
5W7pOtn53qBRrQo00IvHTj,Renata Scotto
5aIqB5nVVvmFsvSdExz408,Johann Sebastian Bach
7KCCrt3389KXLXpKeh3qxN,Vocally Challenged
0xMlgXIVzcPfTqDbX3wLgz,PeaceLoveFuzzy
5mrC59Uq8L2hDLY5stEv1g,Electronaut
7vzqCUB1kccH6uWJjHDaYG,I Turn Submarine
3clpiiQGRV8SHfptbwNQwj,Supersirens
6A7r2Q7s6ry8lRQuvTDJd9,Dutch Heffnor
7cjsbsrCwZe1vIncxxz4Ky,T.Latt
5xOoFQQoqhvFgROEqlC5wt,The Oxford Alternotives
4k11wQvhVhAM8X3kuYjNSp,BigC5
76gVFTNOhvcKbSOQFy8Ey1,804ISER
6HEFgY3ZGIAxDa8QItYT2t,Sobre
4wwoJkVnfet5K3rob1mzGI,The Letter C
1mNI5eeL5WmxQoaA0MZII2,Kyng Capone
12hfUOGkYNLBiKjH8zvz1X,Lil DuceHound
55sSQTRXcqcZHkU6WC8SpZ,Dirty Horny
1tgmeVrpvx0RQQqXaXxs90,Trey Jay
5Ak0jXb5WSWuxekmu5kW9n,Ai Ninomiya with Kitchen Orchestra
5RbLroBGMxQFf5acsJXUCb,Moriarty
2WhJNu0hzwtgp8YUjT6tG5,Pepper Lamb
2P9TVIMMcvhGqreshIliQV,Vgl Pisces
1QP62BHdXkECLy339SfJNd,Rio Dinero
2RcpMq2zbPhykuQaE5w2u2,Woolymammoth
5p7AZTjp5qsdzOiAKD27Ej,ymatth.
2I4xTYL2IlFVhB3NrYUd8W,Type Beat
2AvuJPWEuv1SPIQcP4Fsii,Raphael Batista
0WQfe7uk6QVw5o8ewyDG6i,El Guapo
7AWAvp4hrgeiHq9yOr7Bxh,Schabernack
2KsP6tYLJlTBvSUxnwlVWa,Mike Posner
3hbDYwCP6TGEhsnIXV2yRU,Harry Quintana
1dIGv0PEUTtsTv9mUKoVBw,tgzinho
1tGHKP6JumADw9acocLYrt,Vishnu Akella
0StPaie1dmyO3i2mdgHBuO,Bokoedro
4OYawMI54eRKOsgR7lrHlp,Jason Pleasant
0uqeAHOl58C4gJgFs1qqV2,Penny Bank
6m9xbg30KTU8xeDz8Zz82i,Proton
4K29MXsbdcIjcPlTfcnSw7,D-Xtreme
7swgSjUstSfWimeNHx0MvD,Barreto
0WVz2f9HFwr3Hkrwxq72kg,Solveig Avina
7fpb9Sc0OIDk6u1kzXobO4,Meadows Defex
3541sktJZMOlTM6SMuUpBY,Jumoedr
6CxZzQFUTM6AzgluGwtq5w,Charlie Wilson
7hAC8mRYD9xx2tD79fk9P0,Fernando Z. Maldonado
2MRBDr0crHWE5JwPceFncq,Juan Gabriel
2H9JNqowSMr4wZzQuJC1zJ,Ernesto Cortazar
5iIKeTzlmN0QATljeEk27G,James Lord Pierpont
2jCGEMSZXMSOImpD8sqo56,Gaetano Donizetti
0cRMUC2w3dPQDIsBPRHM6A,Mad Mad Monkey
0tw9OwFgbaPVDCBHYSsUMN,Dagmar Krug
0lCrBy8AznUOCXOFToO4Oe,Amnesia Beach
02nOLPUyumUi2d3XxzD96p,Mirror
0Fx6eYEu0dWyuUXJWr085Q,Goldilya
4TDSvBL94d3u0pnm6FyaCb,Cynthia Colombo
2b1d97CxeIjz2phOfRVPpd,The Pocket Gods
27jsSRDdyFGXxbRcXp4dKz,HFF
5rmaUHP3bYLlVvmktDG29M,Filipmoneybags
5YKppdRPvQc80iCWQMlNyU,Terry Pedestrian and the Crossing
50kNWZtas68sBrqlx88A6d,De köchunterzZ
6s8jUUlbaSuyKNXEZaWnMl,Is'real Benton
3WKMOohr6ndQevr0pCg8pP,Verbal Kent
6XRZ1ybAXmeuMHdKNlQNw9,カラオケうたプリンス
6Tg2GCgIx7CaLLDZYiCTFY,Archie Jordan
2p0UyoPfYfI76PCStuXfOP,Franz Schubert
4AGP72G52fJCFLBRCey5Nd,Vincent Scotto
6UdAtUl2rb8AxzQ6uQRhzC,Johnny Marks
42Vmza0WYHdhsgxFmf9Tui,Charles Gounod
1M1VkVEy3JGFFyPy7oKH2E,Cuco Sánchez
4OihBPCQzR4GfbzqOY69Xm,Jacques Offenbach
3O3SOoPYtUSjajTdIag0nT,Franz Lehár
20uZPZ6EXItffkdLevoEdV,DJ Vyrusky
57oThb5OUWumUvGOib8OUS,Larruso
6TQW172m1l4Tf4Hp55ZdDm,Kofi Kinaata
79KG6wqJDA2rLXbAwmtNgK,Kofi Jamar
1UaXKMZaYJipBoWQS9XdCT,Shetta
5JfefD2FuAWBB2gDSyfGUf,BADDA GENERAL
3gsZZ5YwEz2Htxj6Zuwbsa,Dj Blackk Beat
13HnW0lnsfzLtWManqj2OB,Shatta Rako
0iYjYbGSVVe0iqz8mHWQt0,Mellow Bevts
2M1fROBYTycpAcvsi2zkPJ,SISTO
24Lo1cdnRz69FYSaX7m44S,Ras Kuuku
0NYLVN4PyUYvQkADsUEpx7,Tinny
3OxWPaaV5PWswvAI2faH2p,Shatta Waley
3sIzEymc0BkoHqp3NKaUxn,Shatta Walel
6yZI3dhleWYTqJjf11rDCc,Dammy Krane
6zKu61RG80pBKOMUbBKNMr,Kwabena Kwabena
5Jv1MsZBh0sqokFq7pU8Xg,Pheelz
2LIAgeQ5NZurwixfoG3CWZ,Alkaline
0cUFx8ZVAAqK2j1N5IU4AE,Mona 4Reall
2Dqt6WjEca8WcZuGiUcYDd,Yaw Tog
5ht4EDZMGo7d1K4czZTUYa,Gold Up
5VcDYvRgsmMRpklUZarFEh,Kawabanga
1OFOShsIbhy1l5x73yuVyB,Shenseea
6UsCuzFNa4JLDTfsNQNOFz,Shawn Storm
2lG8MWZn9Jn7VkxpDDTMEg,Young Nile
2WyypmYjOdaXg0bXDP67j7,Blaiz Fayah
0aFrpBv0tkmDm9qFlXK2Gc,Kryssy
0fEd76ZuO65826Q6ilZIuO,Lijay
5kALmAyuFG3lxV9ecfijCC,D2
30H4EIrz4hRuWMIG9KSZJy,Veroo Gee
2sJr9FhdjH9QZAEQenfspo,Kanea
0lXR4t4jTkizQmHBB9zJoP,JAC45
0zyaSGEoPB2YgXogUAfMJq,Afriqa
4p7w6Zm1tz0JMfRjyBrdEb,Duke D2
2ehcV6dpRyhCduHV0hR7mP,Shapiro Gh
2borlrC6ECSimmr4h17A7u,Kwin Bina
675zDMp1RvQ238iK1jUD7g,Phrimpong
0XYSXxykpPb4xmTjvc2yY4,Paq
4rkmaLySgI7sl9cKfJ3tT8,Gappy Ranks
4jGdPccSLPFlrfJnGmX1u6,P-ZOUS
1x2RVTXZwgLadWM2XY9G4Q,Addi Self
26BzHDbdFagu2t9rNmQZrJ,Trigazy
6TJ8YvUJzsEYAK2jsnk556,GeniusVybz
268QaPZq1MPzr6eEUgA02m,Disastrous
7Lb8v8RgP1ZwoDKbI0IV0d,2Fhamouz Beatz
20OKwnVIbRx9qi0TjW9cBn,losso saabele
3uDHTGGaPazfBhlfXtQyzc,Fancy Gadam
1kwi1Q7X4jPTkHTgayxKhS,Alonestar
1kTLJfp890DUCkIpJdxOSN,Lisa Hyper
4qgwPhVCW359a62QYueaVP,Smallgod
4XtccTwSyAKxtIROf5opmm,Dobble
7liYGI0fshKNYTk535jERp,Jahbless K.S.A
7IpbxIVzBbHmNmJTkgn5hU,Cyco Mentis
3J8RR7mf1gzB0BgN8PJrBj,Friction
3WEYtpTbNXUllFTTlWA9ID,Duke
05XPJCovDhdDwWo3Y94Wty,JAYSLOT
4jk4lxjwNCDVIwHyCrUmlk,Mariahlynn
2kVLicwclscormy8LAgn6A,Pablo Vicky-D
3r4Q1e3xoelIs2ElLiXJV8,Pope Skinny
1v4YnufenjE9BLAfP90qvt,Arcade Player
21VBNkZvKxrI9zmfFRxXvn,8-Bit Arcade
0Av9U9kiXMUqvW9RhgqUS3,Shatta Wale
7DbtmC5M9rvFe0QbCeFupH,Shatta Waley
3qNHlaXCAKmJ5ywHJ0wIvq,Shatta Waley
4lXEjTxzCQZH2CUWFH4MIx,PAq
24tpBu2yCooGqELLDmlfPV,Nina Browwn
25vbw2Uw68Ny6ae7tekmky,DopeNation
5ZGrK1MfcNqDgqOHC1MWaz,2Toff
11qXc2PneZiM9rOYWeQ8ZA,Lord Sky
6XcCOa95gnrrOrjeKRlOaK,Khemy Katakyie
1ZyhqjHmKZhXn2OHdnMLPg,Maccasio
2c1vjjHGzM1i3h3MjDDAJh,Opanka
5O7sGyn3CPojVAPQAtVApn,Tripcy
5E8OLTslr2qqP6ihNbxYuz,Kay Smooth
5Ve4RnzKyKDMhOpkfXc7sB,Militantz
4tfgIbOiIFCXPEK3PwdBSN,Eno Barony
2v5jm0lIoBMWfZBxO8Kr5a,Moesbw
2dG9zsRjqDjcmWb7mFSymw,Skrewfaze
1dZmk3EY9tZ0n05iZWOIyU,Natty Lee
4549F33J8mmp154KXlcESF,Zetical
5yy17mwsseXYmjY9GBb185,Mz Yankey
0ZpclIQak7oH42hsM6DCRL,City Monster
0ENQsnunJbDTt0oN1NgO4W,Angla Boy
2X7pI6n8xuBbsdry2JHoju,Backing Business
01ukVEa5Q8UkHjqgiFZsIW,Oritse Femi
4Z85pyfolwS2AjK9rDkYta,Kumi Guitar
2LCZWgwgAJANKzi9MW9z5e,Foto Copy
03a9VhZMibhZy7e3trmWOx,NC Dread
2X8BDJoWGo3VkrzPy2fN7W,Mishasha
1uWywGx35Tq3zh5AjAD9c8,PinkLane Project
4N6urvy01I1p3ZgWLDjmKU,Munga Honorable
6M3DzhIC9urxdKQf4kKd2c,Gemini Orleans
5mCM5IGRpBeWp1yOmcwB15,Juskool!
61jlPoVOrr0RiXmzoy01gd,Togo Music
5jLl4oRzrF4hbwlrE3hEez,Angela Okorie
6LPkesv1U8eOiCob7LEJTm,GhCALI
2KJQwiShmdrbeVbPzxvNkt,Black Kulcha
7zUj1W03wGjekUbEor2wqi,Morgan Starck
3xE5Mbgql6pnTTaTifw8UX,Notnice
0y6cnU5doavZErN2MFmTsI,Natural Face
0PkkDZBy6rILCP8d2f7xvu,Ama Petal
7kUKI4TObMNXu5nXSuxFv6,Mister Kimaali
6kobTrDeAQ425t8jG11yA6,Petrah
4QggVzonOWjOzLY4GJ0jiy,Kwabena Currency
1z6H5tLF95y9SkzfoqwO9X,Buddaman
0Vo9FqcHSsziCKNnty1cZb,Eze
0DRgBzRQnBaMM6shxBXncy,Dj Manni
77tT1kLj6mCWtFNqiOmP9H,Daryl Hall and John Oates
0UpuH5U4nZ3UGGUJi0Zfbp,Blue Swede
3daM7asS0gCFvyLemNx2EE,The Romantics
29kkCKKGXheHuoO829FxWK,Boston
1LB8qB5BPb3MHQrfkvifXU,Cheap Trick
6mcrZQmgzFGRWf7C0SObou,Frankie Valli and The Four Seasons
0UJdwlfezi0xwt7z7HPpsO,Mcap Steve
3zCAmjKyHsG7kTGsls1cfj,Spongebob Squarepants
4PRz1NoXljrabtpfxY3cSP,Valhall
1UztxAFwIMRgVVNdQ54iqg,The Old Dead Tree
0y9T7O1q6PyYt8fOSJfRm5,ColdWorld
6XyY86QOPPrYVGvF9ch6wz,Linkin Park
6Ghvu1VvMGScGpOUJBAHNH,Deftones
7gXb99Sf9nNmpNYeAgIQFG,Sub Urban
0GDGKpJFhVpcjIGF8N6Ewt,Gojira
3KdXhEwbqFHfNfSk7L9E87,Baroness
4MzJMcHQBl9SIYSjwWn8QW,Spiritbox
1HQjBwlj8FSHMhVaNQ4tEI,VOLA
4ZgQDCtRqZlhLswVS6MHN4,grandson
1YznSk5tLLp9BnzuNgghrZ,8 Graves
5bPOuhK95xuq1UKdiqsysz,Hypno5e
1fd3fmwlhrDl2U5wbbPQYN,Apashe
4A18NGfdKU0HrkmvVlPO7I,Fytch
5UjifI1TYefXWn9GdqDOHl,Social House
0eHf3EUXCAKFOh49PzmZzk,Joe Monday
7lQ9Wd0iz1gX0zdA1B2bHB,Ghost Brigade
6YVMFz59CuY7ngCxTxjpxE,aespa
5V1qsQHdXNm4ZEZHWvFnqQ,Dreamcatcher
6PfSUFtkMVoDkx4MQkzOi3,100 gecs
7r2uG6BlFXKcwmh9ItqlII,Wrabel
0yb46jwm7gqbZXVXZQ8Z1e,Bishop Briggs
20JZFwl6HVl6yg8a4H3ZqK,Panic! At The Disco
73eAAfRkS2Vi4hx68oTJJE,John K
7naAJDAh7AZnf18YYfQruM,Christian French
4rQTEdG6hDVOlDUFKs9EjZ,Fly By Midnight
3hOdow4ZPmrby7Q1wfPLEy,Aries
3QSQFmccmX81fWCUSPTS7y,Dean Lewis
4GNC7GD6oZMSxPGyXy4MNB,Lewis Capaldi
0ErzCpIMyLcjPiwT4elrtZ,NLE Choppa
1dfeR4HaWDbWqFHLkxsg1d,Queen and David Bowie
6gGEbIpUsOUFPu6o9erl9S,Zelda Cover Band
6i5jeqNyrzyfDwIiAfNdyF,Moises Nieto
6dOnTTVTbQlFWF6yfD4Vw5,daigoro789
52PmW6wfHfCkQq16XF7sJz,Manaka Kataoka
2EFkigEczkUGF0PWTBX8IR,Video Game Players
0LzeyDrlLtuyBqMSBN4z3U,Qumu
480xKab3lUPhBBnCzlzqIu,Taylor Davis
0cxNfEa3UFPqeMaUudfKtj,User Youth
3PfJE6ebCbCHeuqO4BfNeA,London Philharmonic Orchestra
123epI2OFu37F7VsnOBn9F,The Marcus Hedges Trend Orchestra
5NLlq8IzOUuqDYGPxoPkSC,Michael Tai
094Eb3gQkbFFT4seoZoMaS,Triforce Quartet
21Tp0aROiJGTa0BgFGsC6v,The Versions
2WC05LNhYfprewGa72WQhP,Wesley Sprayue
4cyHkKiXAQkIWXJ4pi2TIP,Franco Albertini
7eSzU0TjGXlVL3bXSexvo7,Hajime Wakai
3T7TTwTUPXYvIHsMOKHxx7,Kenta Nagata
36yuG9DyloDYqWKWRoYqPc,ViolinGamer
69EWJ8UVSlytt27VsEsQAw,Amy Turk
3LZIkCMVjsdCQWmbOgZXsE,Toru Minegishi
4aCvJneLXFoKTe1919Zk0J,PPF
1LgVvBvmQm48GExZDH322C,Good Knight Productions
6M2wZ9GZgrQXHCFfjv46we,Dua Lipa
0xRXCcSX89eobfrshSVdyu,MEDUZA
7arQA31aZVS8yS6zUveWzb,CJ
2o5jDhtHVPhrJdv3cEQ99Z,Tiesto
5YGY8feqx7naU7z4HrwZM6,Miley Cyrus
6fWVd57NKTalqvmjRd2t8Z,24kGoldn
45dkTj5sMRSjrmBSBeiHym,Tate McRae
4q3ewBCX7sLwd24euuV69X,Bad Bunny
790FomKkXshlbRYZFtlgla,KAROL G
6MPCFvOQv5cIGfw3jODMF0,Internet Money
6TIYQ3jFPwQSRmorSezPxX,Machine Gun Kelly
2NfSBtmWe7oPw1EmetJVso,Boza
4AKwRarlmsUlLjIwt38NLw,Ofenbach
7MPGCB854Qo4alYMOPkBka,Ritt Momney
3t5xRXzsuZmMDkQzgOX35S,Robin Schulz
3Nrfpe0tUJi4K4DXYWgMUX,BTS
3PyJHH2wyfQK3WZrk9rpmP,Ashnikko
181bsRPaVXVlUKXrxwZfHK,Megan Thee Stallion
2LIk90788K0zvyj2JJVwkJ,Jack Harlow